Date,Crypto,Open,High,Low,Close
2018-01-01,BTC,13996.0,14035.0,12860.0,13535.0
2018-01-02,BTC,13535.0,15217.0,12956.0,14770.0
2018-01-03,BTC,14770.0,15394.0,14589.0,15057.0
2018-01-04,BTC,15057.0,15395.0,14225.0,14921.0
2018-01-05,BTC,14921.0,16909.0,14817.0,16828.0
2018-01-06,BTC,16765.0,17118.0,16255.0,16849.0
2018-01-07,BTC,16849.0,17212.0,15770.0,16183.0
2018-01-08,BTC,16183.0,16466.0,13958.0,14901.0
2018-01-09,BTC,14915.0,15360.0,14170.0,14548.0
2018-01-10,BTC,14544.0,14694.0,13456.0,14482.0
2018-01-11,BTC,14482.0,14943.0,12846.0,13445.0
2018-01-12,BTC,13445.0,14095.0,12879.0,13695.0
2018-01-13,BTC,13744.0,14537.0,13599.0,14167.0
2018-01-14,BTC,14173.0,14353.0,13052.0,13394.0
2018-01-15,BTC,13378.0,14308.0,13378.0,13919.0
2018-01-16,BTC,13919.0,13919.0,10352.0,10617.0
2018-01-17,BTC,10617.0,11751.0,9200.0,11378.0
2018-01-18,BTC,11378.0,12045.0,10664.0,11541.0
2018-01-19,BTC,11551.0,11955.0,10989.0,11296.0
2018-01-20,BTC,11343.0,13007.0,11245.0,12904.0
2018-01-21,BTC,12904.0,12947.0,11096.0,11348.0
2018-01-22,BTC,11348.0,11869.0,10051.0,10264.0
2018-01-23,BTC,10264.0,11358.0,9972.0,10984.0
2018-01-24,BTC,10986.0,11474.0,10497.0,11208.0
2018-01-25,BTC,11213.0,11711.0,10889.0,11246.0
2018-01-26,BTC,11241.0,11609.0,10321.0,10899.0
2018-01-27,BTC,10899.0,11574.0,10773.0,11554.0
2018-01-28,BTC,11554.0,11942.0,11317.0,11757.0
2018-01-29,BTC,11762.0,11765.0,11008.0,11223.0
2018-01-30,BTC,11224.0,11224.0,9810.0,10138.0
2018-01-31,BTC,10125.0,10334.0,9628.0,9999.0
2018-02-01,BTC,9999.0,10203.0,8564.0,9146.0
2018-02-02,BTC,9146.0,9164.0,7695.0,8524.0
2018-02-03,BTC,8588.0,9471.0,8176.0,9157.0
2018-02-04,BTC,9159.0,9363.0,7860.0,8095.0
2018-02-05,BTC,8085.0,8416.0,6584.0,7152.0
2018-02-06,BTC,7152.0,7957.0,5947.0,7755.0
2018-02-07,BTC,7755.0,8583.0,7208.0,8096.0
2018-02-08,BTC,8096.0,8621.0,7548.0,8208.0
2018-02-09,BTC,8174.0,8719.0,7755.0,8513.0
2018-02-10,BTC,8548.0,9071.0,8165.0,8269.0
2018-02-11,BTC,8269.0,8587.0,7845.0,8313.0
2018-02-12,BTC,8313.0,8903.0,8030.0,8830.0
2018-02-13,BTC,8830.0,8977.0,8370.0,8564.0
2018-02-14,BTC,8553.0,9368.0,8483.0,9283.0
2018-02-15,BTC,9289.0,10218.0,9251.0,9883.0
2018-02-16,BTC,9883.0,10293.0,9719.0,10058.0
2018-02-17,BTC,10084.0,10879.0,10053.0,10845.0
2018-02-18,BTC,10845.0,11279.0,10156.0,10763.0
2018-02-19,BTC,10772.0,11255.0,10314.0,11079.0
2018-02-20,BTC,11079.0,11746.0,11056.0,11712.0
2018-02-21,BTC,11712.0,11768.0,10244.0,10291.0
2018-02-22,BTC,10291.0,10914.0,9731.0,9899.0
2018-02-23,BTC,9912.0,10398.0,9593.0,9966.0
2018-02-24,BTC,9916.0,10510.0,9381.0,9499.0
2018-02-25,BTC,9499.0,9858.0,9305.0,9588.0
2018-02-26,BTC,9588.0,10443.0,9386.0,10366.0
2018-02-27,BTC,10366.0,10852.0,10147.0,10745.0
2018-02-28,BTC,10745.0,11044.0,10384.0,10558.0
2018-03-01,BTC,10532.0,11074.0,10222.0,10924.0
2018-03-02,BTC,10931.0,11166.0,10784.0,11034.0
2018-03-03,BTC,11016.0,11498.0,10952.0,11286.0
2018-03-04,BTC,11286.0,11475.0,11068.0,11397.0
2018-03-05,BTC,11400.0,11660.0,11335.0,11561.0
2018-03-06,BTC,11560.0,11603.0,10585.0,10793.0
2018-03-07,BTC,10788.0,10888.0,9468.0,9947.0
2018-03-08,BTC,9943.0,10109.0,9076.0,9341.0
2018-03-09,BTC,9341.0,9409.0,8371.0,9053.0
2018-03-10,BTC,9022.0,9505.0,8787.0,8838.0
2018-03-11,BTC,8838.0,9715.0,8475.0,9539.0
2018-03-12,BTC,9531.0,9885.0,8778.0,9104.0
2018-03-13,BTC,9104.0,9475.0,8861.0,8308.0
2018-03-14,BTC,9101.0,9313.0,7955.0,8019.0
2018-03-15,BTC,8019.0,8413.0,7677.0,8508.0
2018-03-16,BTC,8303.0,8600.0,7924.0,8504.0
2018-03-17,BTC,8502.0,8522.0,7756.0,7951.0
2018-03-18,BTC,7950.0,8381.0,7336.0,8381.0
2018-03-19,BTC,8271.0,8994.0,8068.0,8994.0
2018-03-20,BTC,8381.0,9035.0,8324.0,8920.0
2018-03-21,BTC,8994.0,9160.0,8613.0,8613.0
2018-03-22,BTC,8920.0,9085.0,8495.0,8626.0
2018-03-23,BTC,8613.0,8766.0,8296.0,8655.0
2018-03-24,BTC,8655.0,9000.0,8633.0,8679.0
2018-03-25,BTC,8679.0,8701.0,8381.0,8620.0
2018-03-26,BTC,8622.0,8646.0,7863.0,7885.0
2018-03-27,BTC,7885.0,8252.0,7751.0,7997.0
2018-03-28,BTC,7998.0,8096.0,7745.0,7871.0
2018-03-29,BTC,7871.0,8000.0,6916.0,6846.0
2018-03-30,BTC,7069.0,7324.0,6594.0,6912.0
2018-03-31,BTC,6912.0,7214.0,6760.0,6926.0
2018-04-01,BTC,6926.0,7035.0,6443.0,6829.0
2018-04-02,BTC,6892.0,7108.0,6760.0,6920.0
2018-04-03,BTC,6979.0,7507.0,6978.0,7411.0
2018-04-04,BTC,7405.0,7438.0,6731.0,6847.0
2018-04-05,BTC,6847.0,6919.0,6584.0,6749.0
2018-04-06,BTC,6749.0,6850.0,6513.0,6602.0
2018-04-07,BTC,6603.0,7050.0,6538.0,7006.0
2018-04-08,BTC,7002.0,7095.0,6860.0,6956.0
2018-04-09,BTC,6953.0,7171.0,6617.0,6665.0
2018-04-10,BTC,6665.0,6860.0,6660.0,6840.0
2018-04-11,BTC,6840.0,6959.0,6787.0,6889.0
2018-04-12,BTC,6890.0,8055.0,6766.0,7727.0
2018-04-13,BTC,7730.0,8219.0,7711.0,7893.0
2018-04-14,BTC,7902.0,8175.0,7813.0,8072.0
2018-04-15,BTC,8072.0,8389.0,7967.0,8287.0
2018-04-16,BTC,8287.0,8408.0,7909.0,7990.0
2018-04-17,BTC,7990.0,8151.0,7834.0,7913.0
2018-04-18,BTC,7915.0,8212.0,7867.0,8188.0
2018-04-19,BTC,8188.0,8294.0,8105.0,8234.0
2018-04-20,BTC,8234.0,8555.0,8221.0,8522.0
2018-04-21,BTC,8522.0,9021.0,8512.0,8773.0
2018-04-22,BTC,8773.0,9010.0,8754.0,8887.0
2018-04-23,BTC,8894.0,8987.0,8762.0,8930.0
2018-04-24,BTC,8932.0,9459.0,8914.0,9451.0
2018-04-25,BTC,9451.0,9747.0,8734.0,9074.0
2018-04-26,BTC,9074.0,9172.0,8661.0,9108.0
2018-04-27,BTC,9108.0,9372.0,8964.0,8973.0
2018-04-28,BTC,8976.0,9419.0,8874.0,9365.0
2018-04-29,BTC,9365.0,9537.0,9183.0,9294.0
2018-04-30,BTC,9293.0,9443.0,9125.0,9275.0
2018-05-01,BTC,9275.0,9282.0,8842.0,9013.0
2018-05-02,BTC,9013.0,9182.0,8984.0,9168.0
2018-05-03,BTC,9181.0,9726.0,9162.0,9658.0
2018-05-04,BTC,9656.0,9791.0,9540.0,9689.0
2018-05-05,BTC,9689.0,9955.0,9676.0,9743.0
2018-05-06,BTC,9743.0,9910.0,9409.0,9540.0
2018-05-07,BTC,9518.0,9635.0,9189.0,9434.0
2018-05-08,BTC,9434.0,9455.0,9050.0,9158.0
2018-05-09,BTC,9158.0,9360.0,8976.0,9253.0
2018-05-10,BTC,9252.0,9383.0,9054.0,9094.0
2018-05-11,BTC,9094.0,9127.0,8389.0,8436.0
2018-05-12,BTC,8436.0,8643.0,8221.0,8436.0
2018-05-13,BTC,8436.0,8734.0,8343.0,8711.0
2018-05-14,BTC,8715.0,8879.0,8296.0,8842.0
2018-05-15,BTC,8816.0,8844.0,8435.0,8529.0
2018-05-16,BTC,8524.0,8539.0,8110.0,8294.0
2018-05-17,BTC,8294.0,8459.0,8133.0,8206.0
2018-05-18,BTC,8206.0,8274.0,7931.0,8225.0
2018-05-19,BTC,8227.0,8393.0,8154.0,8275.0
2018-05-20,BTC,8266.0,8583.0,8172.0,8555.0
2018-05-21,BTC,8554.0,8566.0,8325.0,8409.0
2018-05-22,BTC,8409.0,8417.0,8093.0,8106.0
2018-05-23,BTC,8106.0,8108.0,7443.0,7581.0
2018-05-24,BTC,7588.0,7722.0,7273.0,7555.0
2018-05-25,BTC,7549.0,7650.0,7345.0,7448.0
2018-05-26,BTC,7448.0,7612.0,7363.0,7526.0
2018-05-27,BTC,7526.0,7607.0,7227.0,7313.0
2018-05-28,BTC,7313.0,7431.0,7177.0,7220.0
2018-05-29,BTC,7218.0,7519.0,7054.0,7499.0
2018-05-30,BTC,7499.0,7552.0,7286.0,7338.0
2018-05-31,BTC,7338.0,7599.0,7324.0,7539.0
2018-06-01,BTC,7539.0,7600.0,7355.0,7438.0
2018-06-02,BTC,7438.0,7683.0,7437.0,7616.0
2018-06-03,BTC,7616.0,7769.0,7598.0,7727.0
2018-06-04,BTC,7727.0,7755.0,7457.0,7524.0
2018-06-05,BTC,7524.0,7648.0,7373.0,7627.0
2018-06-06,BTC,7627.0,7670.0,7495.0,7622.0
2018-06-07,BTC,7622.0,7750.0,7616.0,7660.0
2018-06-08,BTC,7660.0,7694.0,7545.0,7646.0
2018-06-09,BTC,7646.0,7679.0,7576.0,7632.0
2018-06-10,BTC,7631.0,7631.0,6647.0,6719.0
2018-06-11,BTC,6719.0,6816.0,6652.0,6762.0
2018-06-12,BTC,6762.0,6899.0,6456.0,6529.0
2018-06-13,BTC,6529.0,6610.0,6133.0,6252.0
2018-06-14,BTC,6259.0,6700.0,6241.0,6659.0
2018-06-15,BTC,6656.0,6683.0,6452.0,6498.0
2018-06-16,BTC,6498.0,6540.0,6334.0,6525.0
2018-06-17,BTC,6525.0,6569.0,6449.0,6490.0
2018-06-18,BTC,6490.0,6793.0,6388.0,6727.0
2018-06-19,BTC,6727.0,6825.0,6675.0,6695.0
2018-06-20,BTC,6696.0,6809.0,6562.0,6750.0
2018-06-21,BTC,6750.0,6786.0,6685.0,6718.0
2018-06-22,BTC,6718.0,6742.0,6022.0,6073.0
2018-06-23,BTC,6073.0,6174.0,5938.0,6134.0
2018-06-24,BTC,6135.0,6252.0,5785.0,6188.0
2018-06-25,BTC,6188.0,6317.0,6086.0,6250.0
2018-06-26,BTC,6250.0,6271.0,6137.0,6183.0
2018-06-27,BTC,6183.0,6246.0,6007.0,6127.0
2018-06-28,BTC,6127.0,6176.0,6033.0,6042.0
2018-06-29,BTC,6043.0,6046.0,5800.0,5902.0
2018-06-30,BTC,5897.0,6503.0,5897.0,6350.0
2018-07-01,BTC,6350.0,6427.0,6262.0,6359.0
2018-07-02,BTC,6359.0,6665.0,6279.0,6620.0
2018-07-03,BTC,6620.0,6668.0,6538.0,6608.0
2018-07-04,BTC,6607.0,6784.0,6420.0,6687.0
2018-07-05,BTC,6687.0,6692.0,6454.0,6508.0
2018-07-06,BTC,6508.0,6623.0,6455.0,6569.0
2018-07-07,BTC,6569.0,6618.0,6514.0,6527.0
2018-07-08,BTC,6527.0,6811.0,6521.0,6749.0
2018-07-09,BTC,6747.0,6753.0,6673.0,6697.0
2018-07-10,BTC,6697.0,6792.0,6324.0,6388.0
2018-07-11,BTC,6388.0,6401.0,6289.0,6356.0
2018-07-12,BTC,6356.0,6382.0,6148.0,6173.0
2018-07-13,BTC,6173.0,6331.0,6088.0,6186.0
2018-07-14,BTC,6186.0,6306.0,6184.0,6274.0
2018-07-15,BTC,6273.0,6384.0,6234.0,6373.0
2018-07-16,BTC,6374.0,6698.0,6332.0,6663.0
2018-07-17,BTC,6663.0,7440.0,6647.0,7311.0
2018-07-18,BTC,7311.0,7575.0,7245.0,7336.0
2018-07-19,BTC,7336.0,7506.0,7285.0,7421.0
2018-07-20,BTC,7421.0,7657.0,7273.0,7352.0
2018-07-21,BTC,7351.0,7442.0,7217.0,7416.0
2018-07-22,BTC,7416.0,7544.0,7351.0,7520.0
2018-07-23,BTC,7520.0,7785.0,7344.0,7703.0
2018-07-24,BTC,7703.0,8343.0,7694.0,8227.0
2018-07-25,BTC,8227.0,8479.0,8062.0,8183.0
2018-07-26,BTC,8181.0,8317.0,8113.0,8134.0
2018-07-27,BTC,8138.0,8270.0,7799.0,8229.0
2018-07-28,BTC,8228.0,8267.0,8074.0,8169.0
2018-07-29,BTC,8169.0,8283.0,8124.0,8192.0
2018-07-30,BTC,8192.0,8271.0,7860.0,8151.0
2018-07-31,BTC,8152.0,8195.0,7672.0,7692.0
2018-08-01,BTC,7693.0,7769.0,7469.0,7484.0
2018-08-02,BTC,7483.0,7701.0,7444.0,7556.0
2018-08-03,BTC,7556.0,7565.0,7290.0,7389.0
2018-08-04,BTC,7389.0,7485.0,6933.0,6982.0
2018-08-05,BTC,6982.0,7082.0,6894.0,7037.0
2018-08-06,BTC,7049.0,7146.0,6885.0,6920.0
2018-08-07,BTC,6920.0,7149.0,6845.0,6874.0
2018-08-08,BTC,6874.0,6879.0,6133.0,6316.0
2018-08-09,BTC,6316.0,6536.0,6204.0,6508.0
2018-08-10,BTC,6508.0,6622.0,6152.0,6186.0
2018-08-11,BTC,6191.0,6462.0,6009.0,6399.0
2018-08-12,BTC,6418.0,6465.0,6178.0,6339.0
2018-08-13,BTC,6339.0,6535.0,6165.0,6277.0
2018-08-14,BTC,6277.0,6283.0,5900.0,6081.0
2018-08-15,BTC,6081.0,6613.0,6073.0,6373.0
2018-08-16,BTC,6377.0,6471.0,6223.0,6254.0
2018-08-17,BTC,6256.0,6551.0,6234.0,6476.0
2018-08-18,BTC,6476.0,6610.0,6310.0,6359.0
2018-08-19,BTC,6359.0,6534.0,6317.0,6519.0
2018-08-20,BTC,6519.0,6543.0,6393.0,6452.0
2018-08-21,BTC,6454.0,6480.0,6239.0,6447.0
2018-08-22,BTC,6452.0,6859.0,6317.0,6334.0
2018-08-23,BTC,6334.0,6482.0,6257.0,6419.0
2018-08-24,BTC,6419.0,6643.0,6419.0,6612.0
2018-08-25,BTC,6612.0,6934.0,6611.0,6720.0
2018-08-26,BTC,6719.0,6774.0,6579.0,6677.0
2018-08-27,BTC,6678.0,6750.0,6658.0,6721.0
2018-08-28,BTC,6721.0,7125.0,6715.0,7082.0
2018-08-29,BTC,7082.0,7120.0,6922.0,7039.0
2018-08-30,BTC,7039.0,7064.0,6801.0,6911.0
2018-08-31,BTC,6913.0,7084.0,6899.0,7044.0
2018-09-01,BTC,7043.0,7260.0,7003.0,7195.0
2018-09-02,BTC,7195.0,7328.0,7137.0,7282.0
2018-09-03,BTC,7282.0,7325.0,7198.0,7299.0
2018-09-04,BTC,7299.0,7404.0,7237.0,7363.0
2018-09-05,BTC,7363.0,7387.0,6866.0,6948.0
2018-09-06,BTC,6952.0,6981.0,6279.0,6444.0
2018-09-07,BTC,6444.0,6531.0,6330.0,6445.0
2018-09-08,BTC,6447.0,6466.0,6120.0,6173.0
2018-09-09,BTC,6173.0,6438.0,6157.0,6387.0
2018-09-10,BTC,6387.0,6390.0,6216.0,6300.0
2018-09-11,BTC,6302.0,6391.0,6190.0,6254.0
2018-09-12,BTC,6253.0,6332.0,6204.0,6308.0
2018-09-13,BTC,6308.0,6524.0,6298.0,6467.0
2018-09-14,BTC,6467.0,6580.0,6415.0,6537.0
2018-09-15,BTC,6537.0,6567.0,6353.0,6532.0
2018-09-16,BTC,6532.0,6532.0,6383.0,6501.0
2018-09-17,BTC,6501.0,6529.0,6211.0,6221.0
2018-09-18,BTC,6219.0,6382.0,6216.0,6316.0
2018-09-19,BTC,6318.0,6494.0,6117.0,6425.0
2018-09-20,BTC,6425.0,6450.0,6352.0,6373.0
2018-09-21,BTC,6378.0,6777.0,6362.0,6717.0
2018-09-22,BTC,6717.0,6824.0,6631.0,6717.0
2018-09-23,BTC,6717.0,6768.0,6664.0,6677.0
2018-09-24,BTC,6677.0,6719.0,6576.0,6628.0
2018-09-25,BTC,6625.0,6630.0,6334.0,6392.0
2018-09-26,BTC,6387.0,6540.0,6373.0,6501.0
2018-09-27,BTC,6501.0,6731.0,6432.0,6696.0
2018-09-28,BTC,6696.0,6794.0,6536.0,6646.0
2018-09-29,BTC,6646.0,6652.0,6467.0,6580.0
2018-09-30,BTC,6581.0,6639.0,6528.0,6562.0
2018-10-01,BTC,6564.0,6643.0,6501.0,6556.0
2018-10-02,BTC,6556.0,6600.0,6468.0,6532.0
2018-10-03,BTC,6532.0,6545.0,6410.0,6448.0
2018-10-04,BTC,6448.0,6595.0,6423.0,6556.0
2018-10-05,BTC,6556.0,6589.0,6525.0,6551.0
2018-10-06,BTC,6551.0,6654.0,6542.0,6562.0
2018-10-07,BTC,6563.0,6569.0,6506.0,6543.0
2018-10-08,BTC,6543.0,6672.0,6541.0,6640.0
2018-10-09,BTC,6640.0,6642.0,6567.0,6596.0
2018-10-10,BTC,6596.0,6614.0,6464.0,6559.0
2018-10-11,BTC,6559.0,6559.0,6126.0,6226.0
2018-10-12,BTC,6228.0,6264.0,6142.0,6241.0
2018-10-13,BTC,6241.0,6246.0,6203.0,6221.0
2018-10-14,BTC,6221.0,6303.0,6221.0,6251.0
2018-10-15,BTC,6251.0,6961.0,6189.0,6469.0
2018-10-16,BTC,6469.0,6591.0,6452.0,6522.0
2018-10-17,BTC,6521.0,6558.0,6477.0,6509.0
2018-10-18,BTC,6509.0,6553.0,6428.0,6446.0
2018-10-19,BTC,6446.0,6467.0,6409.0,6417.0
2018-10-20,BTC,6417.0,6466.0,6404.0,6448.0
2018-10-21,BTC,6448.0,6502.0,6443.0,6483.0
2018-10-22,BTC,6483.0,6483.0,6416.0,6455.0
2018-10-23,BTC,6454.0,6458.0,6404.0,6434.0
2018-10-24,BTC,6434.0,6500.0,6429.0,6462.0
2018-10-25,BTC,6462.0,6465.0,6414.0,6437.0
2018-10-26,BTC,6436.0,6484.0,6416.0,6437.0
2018-10-27,BTC,6437.0,6454.0,6412.0,6424.0
2018-10-28,BTC,6425.0,6436.0,6402.0,6414.0
2018-10-29,BTC,6414.0,6437.0,6244.0,6265.0
2018-10-30,BTC,6265.0,6312.0,6257.0,6281.0
2018-10-31,BTC,6282.0,6359.0,6216.0,6319.0
2018-11-01,BTC,6319.0,6354.0,6311.0,6351.0
2018-11-02,BTC,6351.0,6396.0,6348.0,6371.0
2018-11-03,BTC,6371.0,6376.0,6322.0,6351.0
2018-11-04,BTC,6351.0,6473.0,6328.0,6431.0
2018-11-05,BTC,6431.0,6455.0,6389.0,6417.0
2018-11-06,BTC,6417.0,6467.0,6402.0,6438.0
2018-11-07,BTC,6438.0,6555.0,6438.0,6520.0
2018-11-08,BTC,6520.0,6529.0,6419.0,6440.0
2018-11-09,BTC,6440.0,6446.0,6332.0,6351.0
2018-11-10,BTC,6350.0,6395.0,6346.0,6385.0
2018-11-11,BTC,6385.0,6386.0,6301.0,6342.0
2018-11-12,BTC,6339.0,6407.0,6334.0,6339.0
2018-11-13,BTC,6339.0,6357.0,6293.0,6330.0
2018-11-14,BTC,6330.0,6342.0,5406.0,5630.0
2018-11-15,BTC,5630.0,5711.0,5263.0,5508.0
2018-11-16,BTC,5513.0,5643.0,5477.0,5479.0
2018-11-17,BTC,5484.0,5566.0,5455.0,5518.0
2018-11-18,BTC,5517.0,5645.0,5505.0,5571.0
2018-11-19,BTC,5571.0,5583.0,4733.0,4820.0
2018-11-20,BTC,4820.0,4929.0,4127.0,4369.0
2018-11-21,BTC,4385.0,4663.0,4249.0,4487.0
2018-11-22,BTC,4483.0,4617.0,4396.0,4458.0
2018-11-23,BTC,4457.0,4472.0,4135.0,4292.0
2018-11-24,BTC,4292.0,4404.0,3795.0,3832.0
2018-11-25,BTC,3832.0,4130.0,3522.0,4088.0
2018-11-26,BTC,4080.0,4122.0,3567.0,3678.0
2018-11-27,BTC,3694.0,3820.0,3606.0,3802.0
2018-11-28,BTC,3797.0,4370.0,3777.0,4252.0
2018-11-29,BTC,4252.0,4414.0,4116.0,4207.0
2018-11-30,BTC,4207.0,4311.0,3893.0,3947.0
2018-12-01,BTC,3942.0,4274.0,3911.0,4196.0
2018-12-02,BTC,4196.0,4286.0,4056.0,4179.0
2018-12-03,BTC,4174.0,4180.0,3778.0,3892.0
2018-12-04,BTC,3892.0,4062.0,3775.0,3923.0
2018-12-05,BTC,3923.0,3942.0,3698.0,3748.0
2018-12-06,BTC,3748.0,3863.0,3590.0,3628.0
2018-12-07,BTC,3628.0,3654.0,3236.0,3396.0
2018-12-08,BTC,3415.0,3503.0,3278.0,3298.0
2018-12-09,BTC,3304.0,3672.0,3285.0,3567.0
2018-12-10,BTC,3567.0,3624.0,3397.0,3441.0
2018-12-11,BTC,3441.0,3467.0,3330.0,3403.0
2018-12-12,BTC,3402.0,3521.0,3357.0,3476.0
2018-12-13,BTC,3476.0,3477.0,3261.0,3287.0
2018-12-14,BTC,3285.0,3324.0,3168.0,3188.0
2018-12-15,BTC,3188.0,3266.0,3156.0,3236.0
2018-12-16,BTC,3236.0,3298.0,3213.0,3241.0
2018-12-17,BTC,3240.0,3613.0,3220.0,3539.0
2018-12-18,BTC,3536.0,3608.0,3475.0,3574.0
2018-12-19,BTC,3575.0,3960.0,3563.0,3704.0
2018-12-20,BTC,3704.0,4210.0,3704.0,4036.0
2018-12-21,BTC,4036.0,4190.0,3822.0,3893.0
2018-12-22,BTC,3893.0,3979.0,3835.0,3933.0
2018-12-23,BTC,3932.0,4103.0,3885.0,3999.0
2018-12-24,BTC,3993.0,4284.0,3953.0,4100.0
2018-12-25,BTC,4100.0,4111.0,3728.0,3827.0
2018-12-26,BTC,3827.0,3899.0,3728.0,3809.0
2018-12-27,BTC,3812.0,3877.0,3613.0,3631.0
2018-12-28,BTC,3626.0,3994.0,3610.0,3939.0
2018-12-29,BTC,3938.0,3981.0,3864.0,3963.0
2018-12-30,BTC,3963.0,3971.0,3744.0,3859.0
2018-12-31,BTC,3859.0,3888.0,3697.0,3721.0
2019-01-01,BTC,3722.0,3788.0,3697.0,3769.0
2019-01-02,BTC,3767.0,3943.0,3757.0,3931.0
2019-01-03,BTC,3937.0,3964.0,3813.0,3841.0
2019-01-04,BTC,3840.0,3895.0,3774.0,3878.0
2019-01-05,BTC,3878.0,3912.0,3859.0,3880.0
2019-01-06,BTC,3880.0,4072.0,3810.0,4072.0
2019-01-07,BTC,4072.0,4110.0,3997.0,4040.0
2019-01-08,BTC,4041.0,4136.0,4004.0,4034.0
2019-01-09,BTC,4034.0,4077.0,4000.0,4029.0
2019-01-10,BTC,4029.0,4067.0,3616.0,3665.0
2019-01-11,BTC,3665.0,3718.0,3624.0,3674.0
2019-01-12,BTC,3674.0,3676.0,3608.0,3655.0
2019-01-13,BTC,3656.0,3675.0,3516.0,3545.0
2019-01-14,BTC,3545.0,3732.0,3526.0,3693.0
2019-01-15,BTC,3693.0,3714.0,3582.0,3593.0
2019-01-16,BTC,3593.0,3688.0,3593.0,3623.0
2019-01-17,BTC,3623.0,3667.0,3579.0,3650.0
2019-01-18,BTC,3650.0,3673.0,3605.0,3634.0
2019-01-19,BTC,3634.0,3784.0,3629.0,3727.0
2019-01-20,BTC,3728.0,3731.0,3506.0,3555.0
2019-01-21,BTC,3555.0,3570.0,3526.0,3537.0
2019-01-22,BTC,3537.0,3625.0,3447.0,3595.0
2019-01-23,BTC,3594.0,3627.0,3547.0,3565.0
2019-01-24,BTC,3565.0,3617.0,3549.0,3596.0
2019-01-25,BTC,3596.0,3606.0,3553.0,3580.0
2019-01-26,BTC,3580.0,3669.0,3572.0,3583.0
2019-01-27,BTC,3583.0,3591.0,3515.0,3563.0
2019-01-28,BTC,3563.0,3563.0,3402.0,3442.0
2019-01-29,BTC,3442.0,3465.0,3371.0,3429.0
2019-01-30,BTC,3428.0,3488.0,3400.0,3463.0
2019-01-31,BTC,3463.0,3498.0,3427.0,3445.0
2019-02-01,BTC,3445.0,3484.0,3407.0,3481.0
2019-02-02,BTC,3481.0,3485.0,3444.0,3462.0
2019-02-03,BTC,3462.0,3509.0,3414.0,3421.0
2019-02-04,BTC,3422.0,3461.0,3418.0,3445.0
2019-02-05,BTC,3445.0,3458.0,3424.0,3450.0
2019-02-06,BTC,3450.0,3464.0,3371.0,3394.0
2019-02-07,BTC,3394.0,3406.0,3380.0,3384.0
2019-02-08,BTC,3384.0,3738.0,3374.0,3630.0
2019-02-09,BTC,3628.0,3671.0,3622.0,3653.0
2019-02-10,BTC,3653.0,3663.0,3613.0,3635.0
2019-02-11,BTC,3635.0,3685.0,3615.0,3623.0
2019-02-12,BTC,3623.0,3649.0,3582.0,3611.0
2019-02-13,BTC,3612.0,3663.0,3592.0,3601.0
2019-02-14,BTC,3601.0,3618.0,3581.0,3604.0
2019-02-15,BTC,3604.0,3644.0,3582.0,3599.0
2019-02-16,BTC,3599.0,3647.0,3596.0,3631.0
2019-02-17,BTC,3631.0,3697.0,3596.0,3628.0
2019-02-18,BTC,3623.0,3939.0,3620.0,3890.0
2019-02-19,BTC,3889.0,4006.0,3870.0,3918.0
2019-02-20,BTC,3920.0,3992.0,3900.0,3952.0
2019-02-21,BTC,3951.0,4027.0,3908.0,3935.0
2019-02-22,BTC,3935.0,3995.0,3922.0,3979.0
2019-02-23,BTC,3979.0,4184.0,3949.0,4142.0
2019-02-24,BTC,4142.0,4217.0,3757.0,3818.0
2019-02-25,BTC,3819.0,3894.0,3763.0,3844.0
2019-02-26,BTC,3844.0,3866.0,3799.0,3825.0
2019-02-27,BTC,3825.0,3860.0,3704.0,3781.0
2019-02-28,BTC,3781.0,3916.0,3775.0,3836.0
2019-03-01,BTC,3836.0,3878.0,3819.0,3866.0
2019-03-02,BTC,3866.0,3870.0,3804.0,3843.0
2019-03-03,BTC,3843.0,3854.0,3810.0,3824.0
2019-03-04,BTC,3824.0,3839.0,3705.0,3733.0
2019-03-05,BTC,3733.0,3901.0,3716.0,3869.0
2019-03-06,BTC,3868.0,3907.0,3844.0,3878.0
2019-03-07,BTC,3879.0,3923.0,3869.0,3906.0
2019-03-08,BTC,3907.0,3944.0,3884.0,3909.0
2019-03-09,BTC,3903.0,3978.0,3806.0,3925.0
2019-03-10,BTC,3925.0,3952.0,3904.0,3931.0
2019-03-11,BTC,3931.0,3944.0,3854.0,3880.0
2019-03-12,BTC,3879.0,3911.0,3832.0,3898.0
2019-03-13,BTC,3898.0,3905.0,3861.0,3885.0
2019-03-14,BTC,3885.0,3925.0,3823.0,3884.0
2019-03-15,BTC,3884.0,3941.0,3881.0,3934.0
2019-03-16,BTC,3933.0,4073.0,3921.0,4012.0
2019-03-17,BTC,4013.0,4024.0,3972.0,4010.0
2019-03-18,BTC,4010.0,4049.0,3972.0,4006.0
2019-03-19,BTC,4006.0,4046.0,3986.0,4027.0
2019-03-20,BTC,4027.0,4049.0,4004.0,4044.0
2019-03-21,BTC,4044.0,4084.0,3956.0,3997.0
2019-03-22,BTC,3997.0,4020.0,3987.0,4000.0
2019-03-23,BTC,4000.0,4025.0,3985.0,3997.0
2019-03-24,BTC,3997.0,4011.0,3969.0,3981.0
2019-03-25,BTC,3981.0,4001.0,3889.0,3908.0
2019-03-26,BTC,3910.0,3945.0,3902.0,3937.0
2019-03-27,BTC,3936.0,4054.0,3933.0,4033.0
2019-03-28,BTC,4033.0,4060.0,4019.0,4037.0
2019-03-29,BTC,4037.0,4129.0,4034.0,4103.0
2019-03-30,BTC,4103.0,4156.0,4078.0,4105.0
2019-03-31,BTC,4105.0,4128.0,4103.0,4119.0
2019-04-01,BTC,4119.0,4171.0,4080.0,4148.0
2019-04-02,BTC,4148.0,5062.0,4147.0,4815.0
2019-04-03,BTC,4816.0,5308.0,4805.0,5290.0
2019-04-04,BTC,5290.0,5331.0,4801.0,4863.0
2019-04-05,BTC,4863.0,5080.0,4857.0,5020.0
2019-04-06,BTC,5020.0,5248.0,4993.0,5089.0
2019-04-07,BTC,5092.0,5192.0,4935.0,5163.0
2019-04-08,BTC,5163.0,5341.0,5144.0,5265.0
2019-04-09,BTC,5267.0,5316.0,5158.0,5232.0
2019-04-10,BTC,5232.0,5466.0,5176.0,5306.0
2019-04-11,BTC,5306.0,5343.0,4987.0,5058.0
2019-04-12,BTC,5059.0,5115.0,4933.0,5052.0
2019-04-13,BTC,5053.0,5129.0,5053.0,5094.0
2019-04-14,BTC,5094.0,5120.0,5037.0,5102.0
2019-04-15,BTC,5102.0,5198.0,4965.0,5031.0
2019-04-16,BTC,5031.0,5232.0,5016.0,5195.0
2019-04-17,BTC,5197.0,5274.0,5191.0,5235.0
2019-04-18,BTC,5234.0,5320.0,5219.0,5314.0
2019-04-19,BTC,5314.0,5356.0,5211.0,5276.0
2019-04-20,BTC,5276.0,5370.0,5263.0,5326.0
2019-04-21,BTC,5326.0,5349.0,5238.0,5253.0
2019-04-22,BTC,5253.0,5437.0,5247.0,5381.0
2019-04-23,BTC,5381.0,5622.0,5372.0,5587.0
2019-04-24,BTC,5587.0,5632.0,5390.0,5449.0
2019-04-25,BTC,5449.0,5525.0,5384.0,5508.0
2019-04-26,BTC,5508.0,5512.0,5034.0,5189.0
2019-04-27,BTC,5189.0,5294.0,5188.0,5280.0
2019-04-28,BTC,5281.0,5320.0,5226.0,5238.0
2019-04-29,BTC,5237.0,5295.0,5182.0,5240.0
2019-04-30,BTC,5240.0,5389.0,5209.0,5351.0
2019-05-01,BTC,5351.0,5444.0,5351.0,5410.0
2019-05-02,BTC,5409.0,5539.0,5394.0,5520.0
2019-05-03,BTC,5520.0,5909.0,5483.0,5809.0
2019-05-04,BTC,5810.0,5925.0,5643.0,5786.0
2019-05-05,BTC,5798.0,5932.0,5749.0,5860.0
2019-05-06,BTC,5860.0,5880.0,5684.0,5809.0
2019-05-07,BTC,5809.0,6065.0,5793.0,5965.0
2019-05-08,BTC,5959.0,6015.0,5788.0,5989.0
2019-05-09,BTC,5989.0,6170.0,5964.0,6131.0
2019-05-10,BTC,6132.0,6455.0,6131.0,6325.0
2019-05-11,BTC,6132.0,6455.0,6131.0,6325.0
2019-05-12,BTC,7185.0,7535.0,6805.0,7163.0
2019-05-13,BTC,7162.0,7919.0,6877.0,7832.0
2019-05-14,BTC,7844.0,8278.0,7638.0,7709.0
2019-05-15,BTC,7722.0,8243.0,7639.0,8152.0
2019-05-16,BTC,8152.0,8354.0,7747.0,7749.0
2019-05-17,BTC,7749.0,7948.0,6689.0,7131.0
2019-05-18,BTC,7129.0,7491.0,7129.0,7293.0
2019-05-19,BTC,7294.0,8129.0,7247.0,8023.0
2019-05-20,BTC,8025.0,8283.0,7591.0,7984.0
2019-05-21,BTC,7984.0,8110.0,7823.0,8076.0
2019-05-22,BTC,8076.0,8102.0,7712.0,7834.0
2019-05-23,BTC,7834.0,7864.0,7496.0,7854.0
2019-05-24,BTC,7869.0,8170.0,7800.0,8106.0
2019-05-25,BTC,8110.0,8147.0,7950.0,8035.0
2019-05-26,BTC,8035.0,8762.0,7891.0,8622.0
2019-05-27,BTC,8622.0,8938.0,8552.0,8752.0
2019-05-28,BTC,8756.0,8849.0,8579.0,8701.0
2019-05-29,BTC,8701.0,8767.0,8468.0,8656.0
2019-05-30,BTC,8655.0,9090.0,8413.0,8455.0
2019-05-31,BTC,8455.0,8508.0,8047.0,8501.0
2019-06-01,BTC,8501.0,8621.0,8458.0,8539.0
2019-06-02,BTC,8542.0,8822.0,8530.0,8681.0
2019-06-03,BTC,8687.0,8751.0,8340.0,8550.0
2019-06-04,BTC,8549.0,8553.0,7557.0,7663.0
2019-06-05,BTC,7663.0,7914.0,7470.0,7747.0
2019-06-06,BTC,7747.0,7870.0,7478.0,7692.0
2019-06-07,BTC,7692.0,8124.0,7688.0,7920.0
2019-06-08,BTC,7897.0,8064.0,7806.0,7875.0
2019-06-09,BTC,7875.0,7966.0,7620.0,7721.0
2019-06-10,BTC,7721.0,8059.0,7515.0,7945.0
2019-06-11,BTC,7945.0,8052.0,7735.0,7924.0
2019-06-12,BTC,7924.0,8256.0,7829.0,8113.0
2019-06-13,BTC,8119.0,8287.0,8076.0,8267.0
2019-06-14,BTC,8263.0,8461.0,8184.0,8449.0
2019-06-15,BTC,8449.0,8889.0,8449.0,8800.0
2019-06-16,BTC,8800.0,9386.0,8780.0,8942.0
2019-06-17,BTC,8944.0,9403.0,8937.0,9287.0
2019-06-18,BTC,9283.0,9463.0,8949.0,9135.0
2019-06-19,BTC,9132.0,9214.0,8962.0,9174.0
2019-06-20,BTC,9174.0,9604.0,9150.0,9566.0
2019-06-21,BTC,9566.0,9941.0,9491.0,9941.0
2019-06-22,BTC,9938.0,11195.0,9871.0,10646.0
2019-06-23,BTC,10642.0,11122.0,10401.0,11081.0
2019-06-24,BTC,11063.0,11283.0,10565.0,10878.0
2019-06-25,BTC,10878.0,11482.0,10868.0,11380.0
2019-06-26,BTC,11380.0,13814.0,11372.0,12796.0
2019-06-27,BTC,12740.0,13297.0,10333.0,10680.0
2019-06-28,BTC,10680.0,12382.0,10500.0,12216.0
2019-06-29,BTC,12205.0,12426.0,11386.0,12162.0
2019-06-30,BTC,12162.0,12208.0,10861.0,11413.0
2019-07-01,BTC,11413.0,11425.0,10018.0,10495.0
2019-07-02,BTC,10479.0,10927.0,9682.0,10775.0
2019-07-03,BTC,10730.0,11570.0,10638.0,11380.0
2019-07-04,BTC,11380.0,12057.0,11315.0,11732.0
2019-07-05,BTC,11722.0,11747.0,10801.0,11046.0
2019-07-06,BTC,11046.0,11715.0,10850.0,11478.0
2019-07-07,BTC,11472.0,11616.0,11068.0,11513.0
2019-07-08,BTC,11513.0,12280.0,11353.0,12212.0
2019-07-09,BTC,12212.0,12815.0,12125.0,12388.0
2019-07-10,BTC,12388.0,13181.0,11689.0,11805.0
2019-07-11,BTC,11777.0,12185.0,10999.0,11162.0
2019-07-12,BTC,11162.0,11908.0,11080.0,11888.0
2019-07-13,BTC,11901.0,11919.0,10856.0,10908.0
2019-07-14,BTC,10908.0,11437.0,10322.0,10647.0
2019-07-15,BTC,10639.0,10937.0,9906.0,10805.0
2019-07-16,BTC,10805.0,11051.0,9514.0,9597.0
2019-07-17,BTC,9591.0,9964.0,9083.0,9692.0
2019-07-18,BTC,9692.0,10733.0,9300.0,10609.0
2019-07-19,BTC,10613.0,10766.0,10166.0,10509.0
2019-07-20,BTC,10519.0,10989.0,10411.0,10929.0
2019-07-21,BTC,10933.0,11082.0,10335.0,10509.0
2019-07-22,BTC,10504.0,10664.0,10076.0,10323.0
2019-07-23,BTC,10323.0,10382.0,9884.0,10163.0
2019-07-24,BTC,10145.0,10145.0,9550.0,9685.0
2019-07-25,BTC,9676.0,10183.0,9667.0,9873.0
2019-07-26,BTC,9875.0,9940.0,9668.0,9839.0
2019-07-27,BTC,9832.0,10183.0,9330.0,9449.0
2019-07-28,BTC,9444.0,9556.0,9334.0,9512.0
2019-07-29,BTC,9512.0,9705.0,9124.0,9517.0
2019-07-30,BTC,9516.0,9726.0,9390.0,9533.0
2019-07-31,BTC,9533.0,10091.0,9530.0,10033.0
2019-08-01,BTC,10029.0,10478.0,9897.0,10414.0
2019-08-02,BTC,10414.0,10662.0,10339.0,10393.0
2019-08-03,BTC,10403.0,10916.0,10368.0,10881.0
2019-08-04,BTC,10888.0,11031.0,10590.0,10943.0
2019-08-05,BTC,10943.0,11944.0,10819.0,11722.0
2019-08-06,BTC,11725.0,12307.0,11583.0,11650.0
2019-08-07,BTC,11650.0,12127.0,11230.0,11866.0
2019-08-08,BTC,11868.0,12040.0,11518.0,11616.0
2019-08-09,BTC,11616.0,12072.0,11615.0,11879.0
2019-08-10,BTC,11878.0,11977.0,11239.0,11321.0
2019-08-11,BTC,11321.0,11468.0,11119.0,11411.0
2019-08-12,BTC,11418.0,11563.0,11275.0,11428.0
2019-08-13,BTC,11428.0,11442.0,10778.0,10898.0
2019-08-14,BTC,10889.0,10901.0,10070.0,10177.0
2019-08-15,BTC,10177.0,10398.0,9517.0,10374.0
2019-08-16,BTC,10380.0,10549.0,9775.0,10398.0
2019-08-17,BTC,10398.0,10487.0,10027.0,10074.0
2019-08-18,BTC,10080.0,10511.0,10079.0,10370.0
2019-08-19,BTC,10370.0,10836.0,10276.0,10677.0
2019-08-20,BTC,10685.0,10957.0,10582.0,10707.0
2019-08-21,BTC,10707.0,10849.0,9891.0,10162.0
2019-08-22,BTC,10156.0,10230.0,9779.0,10186.0
2019-08-23,BTC,10186.0,10460.0,10064.0,10357.0
2019-08-24,BTC,10365.0,10454.0,9913.0,10105.0
2019-08-25,BTC,10105.0,10329.0,9972.0,10003.0
2019-08-26,BTC,10001.0,10645.0,9936.0,10268.0
2019-08-27,BTC,10270.0,10400.0,10033.0,10144.0
2019-08-28,BTC,10144.0,10281.0,9599.0,9673.0
2019-08-29,BTC,9672.0,9752.0,9345.0,9530.0
2019-08-30,BTC,9530.0,9687.0,9370.0,9638.0
2019-08-31,BTC,9635.0,9656.0,9466.0,9505.0
2019-09-01,BTC,9505.0,9689.0,9480.0,9641.0
2019-09-02,BTC,9644.0,10460.0,9644.0,10407.0
2019-09-03,BTC,10407.0,10768.0,10297.0,10713.0
2019-09-04,BTC,10714.0,10825.0,10401.0,10631.0
2019-09-05,BTC,10629.0,10696.0,10483.0,10523.0
2019-09-06,BTC,10520.0,10933.0,10232.0,10357.0
2019-09-07,BTC,10358.0,10564.0,10299.0,10522.0
2019-09-08,BTC,10522.0,10593.0,10301.0,10366.0
2019-09-09,BTC,10370.0,10536.0,10101.0,10239.0
2019-09-10,BTC,10239.0,10388.0,9945.0,10059.0
2019-09-11,BTC,10059.0,10224.0,9869.0,10106.0
2019-09-12,BTC,10108.0,10375.0,10054.0,10335.0
2019-09-13,BTC,10337.0,10470.0,10173.0,10268.0
2019-09-14,BTC,10268.0,10428.0,10260.0,10425.0
2019-09-15,BTC,10425.0,10445.0,10276.0,10284.0
2019-09-16,BTC,10284.0,10380.0,10108.0,10212.0
2019-09-17,BTC,10223.0,10354.0,10149.0,10271.0
2019-09-18,BTC,10260.0,10269.0,10105.0,10202.0
2019-09-19,BTC,10202.0,10372.0,9710.0,10267.0
2019-09-20,BTC,10267.0,10317.0,10099.0,10145.0
2019-09-21,BTC,10145.0,10189.0,9965.0,9972.0
2019-09-22,BTC,9972.0,10084.0,9864.0,10016.0
2019-09-23,BTC,10016.0,10082.0,9725.0,9793.0
2019-09-24,BTC,9791.0,9802.0,8064.0,8589.0
2019-09-25,BTC,8589.0,8798.0,8252.0,8528.0
2019-09-26,BTC,8524.0,8657.0,7785.0,8104.0
2019-09-27,BTC,8104.0,8143.0,7887.0,8074.0
2019-09-28,BTC,8074.0,8279.0,8041.0,8182.0
2019-09-29,BTC,8182.0,8338.0,7940.0,8023.0
2019-09-30,BTC,8022.0,8362.0,7741.0,8246.0
2019-10-01,BTC,8246.0,8528.0,8202.0,8392.0
2019-10-02,BTC,8382.0,8423.0,8182.0,8245.0
2019-10-03,BTC,8245.0,8423.0,8100.0,8156.0
2019-10-04,BTC,8157.0,8293.0,8063.0,8177.0
2019-10-05,BTC,8177.0,8228.0,8031.0,8109.0
2019-10-06,BTC,8110.0,8199.0,7797.0,7911.0
2019-10-07,BTC,7911.0,8311.0,7790.0,8217.0
2019-10-08,BTC,8224.0,8345.0,8120.0,8138.0
2019-10-09,BTC,8137.0,8692.0,8130.0,8599.0
2019-10-10,BTC,8599.0,8665.0,8475.0,8582.0
2019-10-11,BTC,8583.0,8791.0,8297.0,8346.0
2019-10-12,BTC,8346.0,8407.0,8257.0,8350.0
2019-10-13,BTC,8352.0,8470.0,8174.0,8265.0
2019-10-14,BTC,8265.0,8400.0,8232.0,8349.0
2019-10-15,BTC,8349.0,8406.0,8133.0,8157.0
2019-10-16,BTC,8157.0,8184.0,7929.0,7994.0
2019-10-17,BTC,7995.0,8126.0,7947.0,8054.0
2019-10-18,BTC,8054.0,8124.0,7849.0,7957.0
2019-10-19,BTC,7955.0,8087.0,7902.0,7952.0
2019-10-20,BTC,7960.0,8311.0,7906.0,8245.0
2019-10-21,BTC,8238.0,8317.0,8169.0,8211.0
2019-10-22,BTC,8211.0,8310.0,8100.0,8137.0
2019-10-23,BTC,8137.0,8137.0,7338.0,7499.0
2019-10-24,BTC,7496.0,7515.0,7369.0,7464.0
2019-10-25,BTC,7464.0,8746.0,7417.0,8589.0
2019-10-26,BTC,8578.0,10412.0,8578.0,9143.0
2019-10-27,BTC,9132.0,9799.0,9103.0,9611.0
2019-10-28,BTC,9611.0,9928.0,9285.0,9467.0
2019-10-29,BTC,9461.0,9549.0,9111.0,9453.0
2019-10-30,BTC,9453.0,9472.0,9033.0,9193.0
2019-10-31,BTC,9192.0,9412.0,8976.0,9180.0
2019-11-01,BTC,9180.0,9298.0,9072.0,9222.0
2019-11-02,BTC,9223.0,9398.0,9214.0,9322.0
2019-11-03,BTC,9322.0,9385.0,9088.0,9168.0
2019-11-04,BTC,9161.0,9540.0,9136.0,9447.0
2019-11-05,BTC,9447.0,9486.0,9200.0,9359.0
2019-11-06,BTC,9360.0,9446.0,9268.0,9318.0
2019-11-07,BTC,9318.0,9374.0,9108.0,9211.0
2019-11-08,BTC,9211.0,9248.0,8687.0,8867.0
2019-11-09,BTC,8867.0,8878.0,8733.0,8803.0
2019-11-10,BTC,8805.0,9127.0,8756.0,9052.0
2019-11-11,BTC,9052.0,9105.0,8618.0,8744.0
2019-11-12,BTC,8744.0,8852.0,8579.0,8772.0
2019-11-13,BTC,8772.0,8833.0,8716.0,8766.0
2019-11-14,BTC,8768.0,8794.0,8578.0,8660.0
2019-11-15,BTC,8660.0,8773.0,8407.0,8462.0
2019-11-16,BTC,8461.0,8533.0,8437.0,8494.0
2019-11-17,BTC,8494.0,8629.0,8409.0,8566.0
2019-11-18,BTC,8565.0,8565.0,8083.0,8231.0
2019-11-19,BTC,8231.0,8233.0,8030.0,8124.0
2019-11-20,BTC,8124.0,8219.0,8051.0,8099.0
2019-11-21,BTC,8102.0,8127.0,7447.0,7617.0
2019-11-22,BTC,7617.0,7722.0,6816.0,7345.0
2019-11-23,BTC,7345.0,7360.0,7118.0,7295.0
2019-11-24,BTC,7295.0,7352.0,6958.0,7066.0
2019-11-25,BTC,7066.0,7372.0,6559.0,7236.0
2019-11-26,BTC,7236.0,7348.0,7054.0,7129.0
2019-11-27,BTC,7124.0,7661.0,6872.0,7559.0
2019-11-28,BTC,7558.0,7661.0,7436.0,7578.0
2019-11-29,BTC,7578.0,7854.0,7393.0,7725.0
2019-11-30,BTC,7721.0,7812.0,7486.0,7559.0
2019-12-01,BTC,7560.0,7581.0,7257.0,7393.0
2019-12-02,BTC,7393.0,7464.0,7193.0,7331.0
2019-12-03,BTC,7331.0,7420.0,7260.0,7342.0
2019-12-04,BTC,7342.0,7740.0,7111.0,7194.0
2019-12-05,BTC,7194.0,7485.0,7177.0,7390.0
2019-12-06,BTC,7390.0,7619.0,7335.0,7484.0
2019-12-07,BTC,7484.0,7617.0,7484.0,7510.0
2019-12-08,BTC,7510.0,7585.0,7409.0,7564.0
2019-12-09,BTC,7564.0,7665.0,7304.0,7375.0
2019-12-10,BTC,7371.0,7396.0,7191.0,7234.0
2019-12-11,BTC,7234.0,7276.0,7151.0,7202.0
2019-12-12,BTC,7204.0,7299.0,7103.0,7212.0
2019-12-13,BTC,7212.0,7300.0,7195.0,7252.0
2019-12-14,BTC,7252.0,7274.0,7022.0,7092.0
2019-12-15,BTC,7092.0,7177.0,7027.0,7133.0
2019-12-16,BTC,7133.0,7152.0,6856.0,6892.0
2019-12-17,BTC,6892.0,6944.0,6602.0,6632.0
2019-12-18,BTC,6633.0,7222.0,6459.0,7143.0
2019-12-19,BTC,7144.0,7447.0,7065.0,7170.0
2019-12-20,BTC,7169.0,7225.0,7094.0,7209.0
2019-12-21,BTC,7209.0,7215.0,7128.0,7147.0
2019-12-22,BTC,7145.0,7463.0,7138.0,7420.0
2019-12-23,BTC,7420.0,7696.0,7302.0,7328.0
2019-12-24,BTC,7328.0,7417.0,7168.0,7255.0
2019-12-25,BTC,7255.0,7268.0,7130.0,7214.0
2019-12-26,BTC,7218.0,7437.0,7179.0,7208.0
2019-12-27,BTC,7208.0,7267.0,7087.0,7235.0
2019-12-28,BTC,7235.0,7359.0,7235.0,7334.0
2019-12-29,BTC,7334.0,7529.0,7295.0,7402.0
2019-12-30,BTC,7402.0,7430.0,7217.0,7254.0
2019-12-31,BTC,7254.0,7309.0,7132.0,7171.0
2020-01-01,BTC,7171.0,7245.0,7167.0,7229.0
2020-01-02,BTC,7229.0,7230.0,6929.0,6975.0
2020-01-03,BTC,6975.0,7411.0,6880.0,7280.0
2020-01-04,BTC,7281.0,7399.0,7269.0,7349.0
2020-01-05,BTC,7349.0,7493.0,7336.0,7376.0
2020-01-06,BTC,7370.0,7603.0,7327.0,7574.0
2020-01-07,BTC,7579.0,8187.0,7579.0,8020.0
2020-01-08,BTC,8020.0,8454.0,7881.0,8004.0
2020-01-09,BTC,8004.0,8104.0,7754.0,7789.0
2020-01-10,BTC,7787.0,8126.0,7685.0,8054.0
2020-01-11,BTC,8054.0,8273.0,7989.0,8106.0
2020-01-12,BTC,8102.0,8172.0,7964.0,8106.0
2020-01-13,BTC,8100.0,8193.0,8054.0,8133.0
2020-01-14,BTC,8133.0,8826.0,8105.0,8732.0
2020-01-15,BTC,8732.0,8881.0,8577.0,8816.0
2020-01-16,BTC,8816.0,8856.0,8591.0,8682.0
2020-01-17,BTC,8682.0,8992.0,8672.0,8897.0
2020-01-18,BTC,8898.0,8973.0,8806.0,8910.0
2020-01-19,BTC,8910.0,9176.0,8484.0,8718.0
2020-01-20,BTC,8718.0,8741.0,8519.0,8667.0
2020-01-21,BTC,8667.0,8771.0,8507.0,8724.0
2020-01-22,BTC,8723.0,8784.0,8577.0,8641.0
2020-01-23,BTC,8641.0,8665.0,8290.0,8391.0
2020-01-24,BTC,8391.0,8511.0,8230.0,8501.0
2020-01-25,BTC,8501.0,8505.0,8268.0,8376.0
2020-01-26,BTC,8377.0,8598.0,8294.0,8591.0
2020-01-27,BTC,8591.0,8989.0,8552.0,8954.0
2020-01-28,BTC,8954.0,9183.0,8886.0,9061.0
2020-01-29,BTC,9051.0,9423.0,9049.0,9362.0
2020-01-30,BTC,9362.0,9557.0,9197.0,9547.0
2020-01-31,BTC,9549.0,9559.0,9217.0,9362.0
2020-02-01,BTC,9362.0,9459.0,9303.0,9371.0
2020-02-02,BTC,9371.0,9478.0,9162.0,9450.0
2020-02-03,BTC,9450.0,9588.0,9232.0,9281.0
2020-02-04,BTC,9281.0,9349.0,9094.0,9149.0
2020-02-05,BTC,9150.0,9751.0,9143.0,9693.0
2020-02-06,BTC,9693.0,9851.0,9540.0,9731.0
2020-02-07,BTC,9732.0,9862.0,9667.0,9740.0
2020-02-08,BTC,9740.0,9934.0,9663.0,9924.0
2020-02-09,BTC,9924.0,10169.0,9865.0,10073.0
2020-02-10,BTC,10073.0,10188.0,9744.0,9865.0
2020-02-11,BTC,9865.0,10379.0,9717.0,10225.0
2020-02-12,BTC,10225.0,10471.0,10216.0,10379.0
2020-02-13,BTC,10385.0,10492.0,10097.0,10182.0
2020-02-14,BTC,10180.0,10383.0,10103.0,10339.0
2020-02-15,BTC,10339.0,10387.0,9826.0,9921.0
2020-02-16,BTC,9921.0,10040.0,9656.0,9776.0
2020-02-17,BTC,9776.0,9996.0,9484.0,9652.0
2020-02-18,BTC,9653.0,10262.0,9622.0,10134.0
2020-02-19,BTC,10134.0,10287.0,9392.0,9608.0
2020-02-20,BTC,9599.0,9694.0,9470.0,9613.0
2020-02-21,BTC,9613.0,9759.0,9580.0,9667.0
2020-02-22,BTC,9667.0,9724.0,9573.0,9693.0
2020-02-23,BTC,9693.0,9991.0,9665.0,9886.0
2020-02-24,BTC,9886.0,10019.0,9494.0,9607.0
2020-02-25,BTC,9607.0,9673.0,9262.0,9383.0
2020-02-26,BTC,9391.0,9425.0,8648.0,8763.0
2020-02-27,BTC,8754.0,8971.0,8535.0,8756.0
2020-02-28,BTC,8760.0,8903.0,8446.0,8676.0
2020-02-29,BTC,8676.0,8814.0,8596.0,8640.0
2020-03-01,BTC,8641.0,8752.0,8439.0,8524.0
2020-03-02,BTC,8524.0,8954.0,8505.0,8951.0
2020-03-03,BTC,8952.0,8977.0,8676.0,8749.0
2020-03-04,BTC,8749.0,8854.0,8693.0,8741.0
2020-03-05,BTC,8741.0,9170.0,8740.0,9126.0
2020-03-06,BTC,9123.0,9182.0,9006.0,9145.0
2020-03-07,BTC,9145.0,9210.0,8874.0,8900.0
2020-03-08,BTC,8899.0,8938.0,8204.0,8286.0
2020-03-09,BTC,8285.0,8301.0,7665.0,7860.0
2020-03-10,BTC,7860.0,8163.0,7772.0,7984.0
2020-03-11,BTC,8007.0,8044.0,7617.0,7872.0
2020-03-12,BTC,7872.0,7992.0,5626.0,5772.0
2020-03-13,BTC,5747.0,6029.0,3966.0,5435.0
2020-03-14,BTC,5436.0,5766.0,5224.0,5354.0
2020-03-15,BTC,5354.0,5583.0,5074.0,5187.0
2020-03-16,BTC,5188.0,5959.0,4461.0,4904.0
2020-03-17,BTC,4904.0,5502.0,4882.0,5474.0
2020-03-18,BTC,5474.0,5524.0,5031.0,5338.0
2020-03-19,BTC,5339.0,6365.0,5267.0,6241.0
2020-03-20,BTC,6241.0,6891.0,5690.0,5968.0
2020-03-21,BTC,5964.0,6376.0,5897.0,6343.0
2020-03-22,BTC,6336.0,6450.0,5812.0,5934.0
2020-03-23,BTC,5934.0,6614.0,5730.0,6408.0
2020-03-24,BTC,6413.0,6831.0,6377.0,6751.0
2020-03-25,BTC,6751.0,6967.0,6489.0,6597.0
2020-03-26,BTC,6598.0,6772.0,6550.0,6739.0
2020-03-27,BTC,6739.0,6842.0,6588.0,6679.0
2020-03-28,BTC,6681.0,6703.0,6045.0,6263.0
2020-03-29,BTC,6263.0,6274.0,5881.0,5954.0
2020-03-30,BTC,5955.0,6497.0,5867.0,6472.0
2020-03-31,BTC,6478.0,6575.0,6350.0,6482.0
2020-04-01,BTC,6482.0,6498.0,6169.0,6362.0
2020-04-02,BTC,6357.0,7219.0,6357.0,6833.0
2020-04-03,BTC,6833.0,7043.0,6631.0,6710.0
2020-04-04,BTC,6704.0,6968.0,6681.0,6854.0
2020-04-05,BTC,6854.0,6892.0,6691.0,6762.0
2020-04-06,BTC,6762.0,7306.0,6731.0,7298.0
2020-04-07,BTC,7298.0,7459.0,7082.0,7118.0
2020-04-08,BTC,7360.0,7419.0,7218.0,7327.0
2020-04-09,BTC,7341.0,7364.0,7119.0,7302.0
2020-04-10,BTC,7315.0,7315.0,6766.0,6919.0
2020-04-11,BTC,6910.0,6949.0,6796.0,6814.0
2020-04-12,BTC,6814.0,7196.0,6795.0,7143.0
2020-04-13,BTC,7143.0,7143.0,6628.0,6827.0
2020-04-14,BTC,6763.0,6983.0,6763.0,6872.0
2020-04-15,BTC,6872.0,6935.0,6696.0,6756.0
2020-04-16,BTC,6756.0,7145.0,6635.0,7046.0
2020-04-17,BTC,7046.0,7136.0,7009.0,7062.0
2020-04-18,BTC,7087.0,7279.0,7068.0,7223.0
2020-04-19,BTC,7223.0,7250.0,7070.0,7152.0
2020-04-20,BTC,7151.0,7222.0,6851.0,6866.0
2020-04-21,BTC,6897.0,6906.0,6779.0,6891.0
2020-04-22,BTC,6857.0,7164.0,6856.0,7115.0
2020-04-23,BTC,7138.0,7690.0,7042.0,7536.0
2020-04-24,BTC,7557.0,7609.0,7416.0,7531.0
2020-04-25,BTC,7503.0,7602.0,7499.0,7600.0
2020-04-26,BTC,7600.0,7700.0,7535.0,7603.0
2020-04-27,BTC,7603.0,7750.0,7603.0,7708.0
2020-04-28,BTC,7712.0,7789.0,7669.0,7744.0
2020-04-29,BTC,7745.0,8970.0,7724.0,8918.0
2020-04-30,BTC,8918.0,9448.0,8446.0,8830.0
2020-05-01,BTC,8838.0,9070.0,8610.0,8741.0
2020-05-02,BTC,8741.0,9027.0,8729.0,8946.0
2020-05-03,BTC,8946.0,9216.0,8740.0,8861.0
2020-05-04,BTC,8853.0,8952.0,8549.0,8930.0
2020-05-05,BTC,8930.0,9113.0,8782.0,8969.0
2020-05-06,BTC,8960.0,9379.0,8924.0,9251.0
2020-05-07,BTC,9251.0,9959.0,9088.0,9774.0
2020-05-08,BTC,9788.0,10045.0,9742.0,9994.0
2020-05-09,BTC,9994.0,10017.0,9557.0,9666.0
2020-05-10,BTC,9666.0,9685.0,8222.0,8700.0
2020-05-11,BTC,8693.0,9142.0,8239.0,8636.0
2020-05-12,BTC,8636.0,8976.0,8495.0,8832.0
2020-05-13,BTC,8831.0,9331.0,8751.0,9312.0
2020-05-14,BTC,9312.0,9936.0,9281.0,9655.0
2020-05-15,BTC,9656.0,9847.0,9177.0,9225.0
2020-05-16,BTC,9225.0,9576.0,9212.0,9385.0
2020-05-17,BTC,9378.0,9867.0,9337.0,9741.0
2020-05-18,BTC,9741.0,9924.0,9509.0,9684.0
2020-05-19,BTC,9684.0,9882.0,9478.0,9698.0
2020-05-20,BTC,9698.0,9832.0,9380.0,9592.0
2020-05-21,BTC,9592.0,9594.0,8819.0,9075.0
2020-05-22,BTC,9075.0,9263.0,8946.0,9191.0
2020-05-23,BTC,9191.0,9308.0,9100.0,9235.0
2020-05-24,BTC,9235.0,9300.0,8861.0,9006.0
2020-05-25,BTC,9006.0,9080.0,8679.0,8917.0
2020-05-26,BTC,8917.0,9005.0,8723.0,8867.0
2020-05-27,BTC,8867.0,9216.0,8810.0,9163.0
2020-05-28,BTC,9165.0,9518.0,9062.0,9453.0
2020-05-29,BTC,9451.0,9614.0,9348.0,9417.0
2020-05-30,BTC,9417.0,9594.0,9337.0,9439.0
2020-05-31,BTC,9439.0,9728.0,9437.0,9504.0
2020-06-01,BTC,9504.0,9691.0,9400.0,9691.0
2020-06-02,BTC,9671.0,10339.0,9364.0,9529.0
2020-06-03,BTC,9529.0,9637.0,9434.0,9585.0
2020-06-04,BTC,9586.0,9870.0,9477.0,9786.0
2020-06-05,BTC,9786.0,9854.0,9622.0,9715.0
2020-06-06,BTC,9715.0,9734.0,9550.0,9708.0
2020-06-07,BTC,9708.0,9793.0,9409.0,9707.0
2020-06-08,BTC,9731.0,9796.0,9663.0,9709.0
2020-06-09,BTC,9709.0,9855.0,9630.0,9758.0
2020-06-10,BTC,9757.0,9975.0,9717.0,9870.0
2020-06-11,BTC,9870.0,9959.0,9198.0,9338.0
2020-06-12,BTC,9343.0,9558.0,9245.0,9457.0
2020-06-13,BTC,9457.0,9492.0,9366.0,9407.0
2020-06-14,BTC,9408.0,9478.0,9336.0,9384.0
2020-06-15,BTC,9384.0,9484.0,8927.0,9484.0
2020-06-16,BTC,9483.0,9594.0,9383.0,9499.0
2020-06-17,BTC,9499.0,9553.0,9255.0,9379.0
2020-06-18,BTC,9373.0,9476.0,9318.0,9349.0
2020-06-19,BTC,9349.0,9417.0,9237.0,9316.0
2020-06-20,BTC,9317.0,9347.0,9211.0,9319.0
2020-06-21,BTC,9319.0,9405.0,9301.0,9313.0
2020-06-22,BTC,9313.0,9655.0,9278.0,9640.0
2020-06-23,BTC,9640.0,9752.0,9579.0,9644.0
2020-06-24,BTC,9635.0,9669.0,9216.0,9296.0
2020-06-25,BTC,9296.0,9320.0,9018.0,9278.0
2020-06-26,BTC,9277.0,9333.0,9053.0,9201.0
2020-06-27,BTC,9201.0,9212.0,8859.0,8957.0
2020-06-28,BTC,8957.0,9189.0,8945.0,9111.0
2020-06-29,BTC,9111.0,9192.0,9034.0,9178.0
2020-06-30,BTC,9179.0,9231.0,9069.0,9150.0
2020-07-01,BTC,9150.0,9300.0,9102.0,9243.0
2020-07-02,BTC,9243.0,9266.0,8963.0,9087.0
2020-07-03,BTC,9087.0,9147.0,9066.0,9097.0
2020-07-04,BTC,9097.0,9188.0,9054.0,9132.0
2020-07-05,BTC,9131.0,9149.0,9012.0,9022.0
2020-07-06,BTC,9022.0,9353.0,8938.0,9280.0
2020-07-07,BTC,9279.0,9372.0,9220.0,9258.0
2020-07-08,BTC,9258.0,9462.0,9239.0,9435.0
2020-07-09,BTC,9435.0,9473.0,9197.0,9244.0
2020-07-10,BTC,9244.0,9260.0,9133.0,9237.0
2020-07-11,BTC,9237.0,9313.0,9190.0,9224.0
2020-07-12,BTC,9224.0,9345.0,9176.0,9240.0
2020-07-13,BTC,9239.0,9332.0,9210.0,9256.0
2020-07-14,BTC,9256.0,9278.0,9135.0,9272.0
2020-07-15,BTC,9272.0,9277.0,9170.0,9216.0
2020-07-16,BTC,9216.0,9231.0,9051.0,9103.0
2020-07-17,BTC,9104.0,9185.0,8608.0,9159.0
2020-07-18,BTC,9159.0,9208.0,9131.0,9185.0
2020-07-19,BTC,9185.0,9192.0,9119.0,9176.0
2020-07-20,BTC,9176.0,9225.0,9149.0,9178.0
2020-07-21,BTC,9178.0,9440.0,9155.0,9382.0
2020-07-22,BTC,9382.0,9402.0,9305.0,9380.0
2020-07-23,BTC,9380.0,9674.0,9376.0,9594.0
2020-07-24,BTC,9594.0,9634.0,9482.0,9629.0
2020-07-25,BTC,9629.0,9742.0,9538.0,9734.0
2020-07-26,BTC,9729.0,10128.0,9670.0,9893.0
2020-07-27,BTC,9893.0,10906.0,9882.0,10862.0
2020-07-28,BTC,10889.0,11387.0,10595.0,10982.0
2020-07-29,BTC,10982.0,11290.0,10855.0,11230.0
2020-07-30,BTC,11219.0,11335.0,10871.0,11155.0
2020-07-31,BTC,11152.0,11462.0,10981.0,11359.0
2020-08-01,BTC,11359.0,11874.0,11245.0,11835.0
2020-08-02,BTC,11835.0,12097.0,10711.0,11102.0
2020-08-03,BTC,11097.0,11479.0,10986.0,11387.0
2020-08-04,BTC,11387.0,11421.0,11068.0,11213.0
2020-08-05,BTC,11216.0,11724.0,11117.0,11692.0
2020-08-06,BTC,11692.0,11917.0,11590.0,11854.0
2020-08-07,BTC,11854.0,11920.0,11370.0,11581.0
2020-08-08,BTC,11581.0,11812.0,11549.0,11715.0
2020-08-09,BTC,11715.0,11803.0,11542.0,11681.0
2020-08-10,BTC,11681.0,12070.0,11557.0,11866.0
2020-08-11,BTC,11871.0,11940.0,11159.0,11239.0
2020-08-12,BTC,11239.0,11624.0,11151.0,11573.0
2020-08-13,BTC,11575.0,11655.0,11291.0,11640.0
2020-08-14,BTC,11621.0,11864.0,11621.0,11777.0
2020-08-15,BTC,11777.0,11987.0,11731.0,11876.0
2020-08-16,BTC,11876.0,11981.0,11716.0,11857.0
2020-08-17,BTC,11857.0,12466.0,11779.0,12329.0
2020-08-18,BTC,12331.0,12413.0,11875.0,12035.0
2020-08-19,BTC,12035.0,12103.0,11630.0,11728.0
2020-08-20,BTC,11733.0,11896.0,11697.0,11871.0
2020-08-21,BTC,11871.0,11899.0,11624.0,11634.0
2020-08-22,BTC,11625.0,11658.0,11395.0,11616.0
2020-08-23,BTC,11616.0,11724.0,11537.0,11680.0
2020-08-24,BTC,11674.0,11832.0,11609.0,11743.0
2020-08-25,BTC,11743.0,11792.0,11150.0,11272.0
2020-08-26,BTC,11275.0,11542.0,11270.0,11499.0
2020-08-27,BTC,11499.0,11573.0,11152.0,11272.0
2020-08-28,BTC,11271.0,11553.0,11258.0,11500.0
2020-08-29,BTC,11500.0,11591.0,11448.0,11528.0
2020-08-30,BTC,11528.0,11694.0,11477.0,11643.0
2020-08-31,BTC,11643.0,11785.0,11580.0,11683.0
2020-09-01,BTC,11685.0,12062.0,11561.0,12023.0
2020-09-02,BTC,12023.0,12051.0,11223.0,11372.0
2020-09-03,BTC,11372.0,11461.0,10558.0,10794.0
2020-09-04,BTC,10793.0,10812.0,10042.0,10610.0
2020-09-05,BTC,10610.0,10639.0,9905.0,10112.0
2020-09-06,BTC,10112.0,10308.0,9970.0,10242.0
2020-09-07,BTC,10243.0,10354.0,9893.0,10142.0
2020-09-08,BTC,10142.0,10437.0,9953.0,10030.0
2020-09-09,BTC,10027.0,10351.0,9891.0,10265.0
2020-09-10,BTC,10265.0,10476.0,10187.0,10307.0
2020-09-11,BTC,10308.0,10384.0,10222.0,10329.0
2020-09-12,BTC,10329.0,10485.0,10289.0,10447.0
2020-09-13,BTC,10446.0,10586.0,10231.0,10324.0
2020-09-14,BTC,10324.0,10752.0,10262.0,10694.0
2020-09-15,BTC,10697.0,10944.0,10634.0,10870.0
2020-09-16,BTC,10870.0,11101.0,10681.0,11000.0
2020-09-17,BTC,11000.0,11058.0,10765.0,10938.0
2020-09-18,BTC,10938.0,11040.0,10833.0,10900.0
2020-09-19,BTC,10900.0,11164.0,10892.0,11093.0
2020-09-20,BTC,11093.0,11093.0,10782.0,10861.0
2020-09-21,BTC,10858.0,10988.0,10323.0,10479.0
2020-09-22,BTC,10479.0,10539.0,10379.0,10520.0
2020-09-23,BTC,10521.0,10579.0,10144.0,10216.0
2020-09-24,BTC,10216.0,10705.0,10204.0,10637.0
2020-09-25,BTC,10624.0,10772.0,10576.0,10713.0
2020-09-26,BTC,10713.0,10798.0,10661.0,10720.0
2020-09-27,BTC,10721.0,10802.0,10609.0,10727.0
2020-09-28,BTC,10727.0,10948.0,10712.0,10871.0
2020-09-29,BTC,10871.0,10892.0,10647.0,10761.0
2020-09-30,BTC,10761.0,10865.0,10675.0,10711.0
2020-10-01,BTC,10707.0,10920.0,10471.0,10613.0
2020-10-02,BTC,10613.0,10668.0,10401.0,10540.0
2020-10-03,BTC,10540.0,10607.0,10475.0,10580.0
2020-10-04,BTC,10580.0,10700.0,10536.0,10652.0
2020-10-05,BTC,10652.0,10754.0,10635.0,10741.0
2020-10-06,BTC,10740.0,10797.0,10544.0,10557.0
2020-10-07,BTC,10557.0,10678.0,10546.0,10660.0
2020-10-08,BTC,10662.0,10945.0,10558.0,10894.0
2020-10-09,BTC,10894.0,11099.0,10848.0,11042.0
2020-10-10,BTC,11041.0,11464.0,11029.0,11371.0
2020-10-11,BTC,11371.0,11436.0,11277.0,11350.0
2020-10-12,BTC,11342.0,11599.0,11225.0,11564.0
2020-10-13,BTC,11564.0,11719.0,11322.0,11437.0
2020-10-14,BTC,11437.0,11546.0,11306.0,11396.0
2020-10-15,BTC,11398.0,11593.0,11288.0,11544.0
2020-10-16,BTC,11558.0,11558.0,11231.0,11314.0
2020-10-17,BTC,11319.0,11406.0,11283.0,11356.0
2020-10-18,BTC,11357.0,11500.0,11345.0,11447.0
2020-10-19,BTC,11447.0,11811.0,11419.0,11732.0
2020-10-20,BTC,11732.0,12044.0,11693.0,11904.0
2020-10-21,BTC,11904.0,12905.0,11889.0,12853.0
2020-10-22,BTC,12856.0,13216.0,12706.0,13128.0
2020-10-23,BTC,13128.0,13197.0,12746.0,12941.0
2020-10-24,BTC,12941.0,13161.0,12887.0,13103.0
2020-10-25,BTC,13103.0,13339.0,12911.0,13040.0
2020-10-26,BTC,13038.0,13242.0,12810.0,13025.0
2020-10-27,BTC,13025.0,13754.0,13000.0,13632.0
2020-10-28,BTC,13619.0,13847.0,12925.0,13208.0
2020-10-29,BTC,13208.0,13641.0,12990.0,13482.0
2020-10-30,BTC,13484.0,13673.0,13146.0,13644.0
2020-10-31,BTC,13644.0,14047.0,13440.0,13841.0
2020-11-01,BTC,13847.0,13894.0,13645.0,13816.0
2020-11-02,BTC,13816.0,13837.0,13243.0,13622.0
2020-11-03,BTC,13619.0,13798.0,13308.0,13733.0
2020-11-04,BTC,13733.0,14240.0,13556.0,14002.0
2020-11-05,BTC,14005.0,15291.0,14005.0,15244.0
2020-11-06,BTC,15244.0,15937.0,15206.0,15561.0
2020-11-07,BTC,15549.0,15760.0,14428.0,14846.0
2020-11-08,BTC,14846.0,15652.0,14692.0,15347.0
2020-11-09,BTC,15333.0,15845.0,14866.0,15392.0
2020-11-10,BTC,15392.0,15470.0,15092.0,15393.0
2020-11-11,BTC,15393.0,15959.0,15293.0,15799.0
2020-11-12,BTC,15799.0,16204.0,15499.0,16150.0
2020-11-13,BTC,16155.0,16486.0,15984.0,16287.0
2020-11-14,BTC,16287.0,16362.0,15738.0,15997.0
2020-11-15,BTC,15996.0,16149.0,15824.0,15865.0
2020-11-16,BTC,15859.0,16885.0,15795.0,16717.0
2020-11-17,BTC,16717.0,17837.0,16569.0,17627.0
2020-11-18,BTC,17633.0,18467.0,17318.0,17781.0
2020-11-19,BTC,17781.0,18163.0,17377.0,17939.0
2020-11-20,BTC,17939.0,18809.0,17732.0,18586.0
2020-11-21,BTC,18586.0,18964.0,18443.0,18638.0
2020-11-22,BTC,18635.0,18733.0,17666.0,18585.0
2020-11-23,BTC,18585.0,18759.0,18012.0,18426.0
2020-11-24,BTC,18419.0,19414.0,18120.0,18938.0
2020-11-25,BTC,18938.0,19495.0,18649.0,18846.0
2020-11-26,BTC,18859.0,18924.0,16311.0,17122.0
2020-11-27,BTC,17122.0,17463.0,16508.0,17037.0
2020-11-28,BTC,17037.0,17891.0,16895.0,17764.0
2020-11-29,BTC,17765.0,18330.0,17556.0,18267.0
2020-11-30,BTC,18267.0,19835.0,18094.0,19376.0
2020-12-01,BTC,19380.0,19928.0,18229.0,19089.0
2020-12-02,BTC,19089.0,19337.0,18362.0,19161.0
2020-12-03,BTC,19160.0,19618.0,18920.0,19465.0
2020-12-04,BTC,19465.0,19550.0,18735.0,18833.0
2020-12-05,BTC,18828.0,19186.0,18512.0,19019.0
2020-12-06,BTC,19019.0,19339.0,18895.0,19246.0
2020-12-07,BTC,19249.0,19429.0,18924.0,19087.0
2020-12-08,BTC,19087.0,19302.0,18632.0,18784.0
2020-12-09,BTC,18776.0,18823.0,17653.0,18550.0
2020-12-10,BTC,18550.0,18650.0,17938.0,18352.0
2020-12-11,BTC,18351.0,18396.0,17604.0,18106.0
2020-12-12,BTC,18106.0,18837.0,18033.0,18794.0
2020-12-13,BTC,18800.0,19414.0,18734.0,19182.0
2020-12-14,BTC,19182.0,19314.0,18996.0,19201.0
2020-12-15,BTC,19199.0,19561.0,19086.0,19431.0
2020-12-16,BTC,19431.0,21275.0,19319.0,21240.0
2020-12-17,BTC,21200.0,23685.0,21200.0,22767.0
2020-12-18,BTC,22775.0,23278.0,22398.0,22911.0
2020-12-19,BTC,22898.0,24128.0,22805.0,24004.0
2020-12-20,BTC,23988.0,24244.0,23117.0,23494.0
2020-12-21,BTC,23406.0,24094.0,22080.0,23146.0
2020-12-22,BTC,23138.0,23598.0,22385.0,23434.0
2020-12-23,BTC,23434.0,24085.0,22863.0,23299.0
2020-12-24,BTC,23295.0,23546.0,22689.0,23384.0
2020-12-25,BTC,23399.0,24657.0,23379.0,24409.0
2020-12-26,BTC,24409.0,26753.0,24379.0,26648.0
2020-12-27,BTC,26666.0,28326.0,25824.0,26303.0
2020-12-28,BTC,26303.0,27404.0,26136.0,26634.0
2020-12-29,BTC,26606.0,27164.0,25926.0,26870.0
2020-12-30,BTC,26870.0,28980.0,26870.0,28896.0
2020-12-31,BTC,28898.0,29298.0,27989.0,28966.0
2021-01-01,BTC,28965.0,29650.0,28754.0,29259.0
2021-01-02,BTC,29243.0,33219.0,29050.0,31690.0
2021-01-03,BTC,31714.0,34524.0,31494.0,33581.0
2021-01-04,BTC,33581.0,33649.0,28258.0,31027.0
2021-01-05,BTC,31029.0,34221.0,29991.0,33788.0
2021-01-06,BTC,33788.0,36452.0,33478.0,35848.0
2021-01-07,BTC,35934.0,40358.0,35806.0,39596.0
2021-01-08,BTC,39596.0,41958.0,36722.0,39927.0
2021-01-09,BTC,39927.0,41401.0,38775.0,40769.0
2021-01-10,BTC,40802.0,41423.0,35193.0,37984.0
2021-01-11,BTC,37984.0,38931.0,30323.0,34184.0
2021-01-12,BTC,34088.0,36612.0,32585.0,34766.0
2021-01-13,BTC,34736.0,37358.0,32466.0,37248.0
2021-01-14,BTC,37248.0,40030.0,36799.0,38863.0
2021-01-15,BTC,38757.0,39673.0,34446.0,36324.0
2021-01-16,BTC,36324.0,37938.0,35624.0,35785.0
2021-01-17,BTC,35935.0,36828.0,33928.0,36530.0
2021-01-18,BTC,36530.0,37433.0,34841.0,36255.0
2021-01-19,BTC,36252.0,37843.0,36170.0,36494.0
2021-01-20,BTC,36494.0,36788.0,33487.0,34892.0
2021-01-21,BTC,34919.0,35664.0,31048.0,31275.0
2021-01-22,BTC,31275.0,33842.0,28898.0,33375.0
2021-01-23,BTC,33375.0,33642.0,31471.0,32340.0
2021-01-24,BTC,32399.0,33069.0,31012.0,31934.0
2021-01-25,BTC,31934.0,34860.0,31731.0,32643.0
2021-01-26,BTC,32681.0,32812.0,30921.0,31993.0
2021-01-27,BTC,31993.0,32879.0,29288.0,31030.0
2021-01-28,BTC,30941.0,33286.0,29970.0,33274.0
2021-01-29,BTC,33274.0,38641.0,32002.0,34715.0
2021-01-30,BTC,34642.0,35344.0,32880.0,34649.0
2021-01-31,BTC,34649.0,34789.0,32237.0,32626.0
2021-02-01,BTC,32608.0,34698.0,32397.0,33667.0
2021-02-02,BTC,33667.0,35982.0,33470.0,35686.0
2021-02-03,BTC,35710.0,37450.0,35473.0,37284.0
2021-02-04,BTC,37284.0,38725.0,36281.0,37712.0
2021-02-05,BTC,37687.0,38325.0,36642.0,37853.0
2021-02-06,BTC,37853.0,40972.0,37714.0,40103.0
2021-02-07,BTC,40085.0,40481.0,37422.0,38610.0
2021-02-08,BTC,38610.0,44797.0,38085.0,44797.0
2021-02-09,BTC,44692.0,48219.0,44356.0,47357.0
2021-02-10,BTC,47357.0,47357.0,43783.0,45039.0
2021-02-11,BTC,45050.0,48593.0,44090.0,46943.0
2021-02-12,BTC,46943.0,48842.0,46438.0,47853.0
2021-02-13,BTC,47962.0,48143.0,46342.0,47210.0
2021-02-14,BTC,47210.0,49698.0,46954.0,48921.0
2021-02-15,BTC,48840.0,49277.0,45944.0,48183.0
2021-02-16,BTC,48183.0,50513.0,47186.0,48642.0
2021-02-17,BTC,48607.0,52619.0,48590.0,52333.0
2021-02-18,BTC,52333.0,52524.0,51023.0,52059.0
2021-02-19,BTC,52051.0,56211.0,50880.0,55493.0
2021-02-20,BTC,55493.0,57485.0,55101.0,56501.0
2021-02-21,BTC,56523.0,58315.0,54040.0,57332.0
2021-02-22,BTC,57332.0,57616.0,48034.0,54919.0
2021-02-23,BTC,54919.0,55032.0,45212.0,48016.0
2021-02-24,BTC,48084.0,51337.0,47039.0,48720.0
2021-02-25,BTC,48720.0,52054.0,48119.0,48199.0
2021-02-26,BTC,48199.0,48821.0,44246.0,45621.0
2021-02-27,BTC,45680.0,48321.0,45118.0,46844.0
2021-02-28,BTC,46844.0,46859.0,43197.0,45255.0
2021-03-01,BTC,45254.0,49412.0,44970.0,48844.0
2021-03-02,BTC,48844.0,50200.0,47144.0,47477.0
2021-03-03,BTC,47466.0,52564.0,47422.0,50952.0
2021-03-04,BTC,50952.0,51777.0,47555.0,47924.0
2021-03-05,BTC,47917.0,49442.0,46472.0,49138.0
2021-03-06,BTC,49138.0,49391.0,47147.0,48583.0
2021-03-07,BTC,48592.0,51343.0,48552.0,50104.0
2021-03-08,BTC,50104.0,51949.0,49368.0,51896.0
2021-03-09,BTC,51883.0,54818.0,51448.0,54313.0
2021-03-10,BTC,54313.0,57357.0,53235.0,56932.0
2021-03-11,BTC,56954.0,57918.0,54416.0,57721.0
2021-03-12,BTC,57721.0,58118.0,55160.0,56981.0
2021-03-13,BTC,56990.0,61732.0,56144.0,61002.0
2021-03-14,BTC,61002.0,61674.0,59348.0,60173.0
2021-03-15,BTC,60259.0,60738.0,55030.0,56398.0
2021-03-16,BTC,56398.0,56952.0,53311.0,56379.0
2021-03-17,BTC,56392.0,58197.0,54298.0,57834.0
2021-03-18,BTC,57706.0,60040.0,57145.0,57533.0
2021-03-19,BTC,57533.0,59436.0,56303.0,58426.0
2021-03-20,BTC,58404.0,59909.0,57890.0,58466.0
2021-03-21,BTC,58466.0,58792.0,55578.0,57792.0
2021-03-22,BTC,57788.0,58373.0,54316.0,54610.0
2021-03-23,BTC,54610.0,55816.0,53100.0,54346.0
2021-03-24,BTC,54445.0,57159.0,53294.0,54175.0
2021-03-25,BTC,54175.0,54175.0,50485.0,51989.0
2021-03-26,BTC,51989.0,54262.0,51309.0,54014.0
2021-03-27,BTC,54014.0,56254.0,53986.0,55916.0
2021-03-28,BTC,55909.0,56616.0,54740.0,54863.0
2021-03-29,BTC,54863.0,58335.0,54830.0,57176.0
2021-03-30,BTC,57250.0,59408.0,57078.0,58671.0
2021-03-31,BTC,58671.0,59831.0,57054.0,58932.0
2021-04-01,BTC,58932.0,59441.0,58021.0,58855.0
2021-04-02,BTC,58862.0,60118.0,58526.0,58655.0
2021-04-03,BTC,58655.0,59797.0,57848.0,58063.0
2021-04-04,BTC,58038.0,58463.0,56504.0,58030.0
2021-04-05,BTC,58030.0,59231.0,56886.0,58810.0
2021-04-06,BTC,58800.0,59469.0,57391.0,58244.0
2021-04-07,BTC,58244.0,58624.0,55494.0,56157.0
2021-04-08,BTC,56221.0,58134.0,55752.0,57681.0
2021-04-09,BTC,57677.0,58879.0,57473.0,58354.0
2021-04-10,BTC,58354.0,61197.0,57876.0,58621.0
2021-04-11,BTC,58606.0,60649.0,58599.0,59607.0
2021-04-12,BTC,59607.0,61224.0,59429.0,60011.0
2021-04-13,BTC,60000.0,63621.0,59783.0,63196.0
2021-04-14,BTC,63196.0,64788.0,61368.0,62357.0
2021-04-15,BTC,62403.0,63649.0,62034.0,63381.0
2021-04-16,BTC,63381.0,63769.0,60081.0,61962.0
2021-04-17,BTC,61977.0,62490.0,59747.0,60843.0
2021-04-18,BTC,60843.0,60966.0,51907.0,56239.0
2021-04-19,BTC,56231.0,57554.0,54305.0,56175.0
2021-04-20,BTC,56175.0,57035.0,53463.0,56852.0
2021-04-21,BTC,56781.0,57079.0,54346.0,55029.0
2021-04-22,BTC,55029.0,55410.0,51515.0,51843.0
2021-04-23,BTC,51597.0,52220.0,47657.0,50620.0
2021-04-24,BTC,50556.0,51215.0,48821.0,50955.0
2021-04-25,BTC,50955.0,51113.0,48075.0,48075.0
2021-04-26,BTC,48065.0,54363.0,47110.0,53297.0
2021-04-27,BTC,53297.0,55289.0,52689.0,55067.0
2021-04-28,BTC,55180.0,56369.0,53913.0,54456.0
2021-04-29,BTC,54456.0,55191.0,52408.0,53006.0
2021-04-30,BTC,52991.0,57295.0,52871.0,56803.0
2021-05-01,BTC,56812.0,58459.0,56726.0,57700.0
2021-05-02,BTC,57685.0,57948.0,56130.0,57016.0
2021-05-03,BTC,57016.0,58973.0,56306.0,56826.0
2021-05-04,BTC,56821.0,57465.0,53330.0,54842.0
2021-05-05,BTC,54842.0,57909.0,53058.0,56854.0
2021-05-06,BTC,56863.0,58334.0,55427.0,55987.0
2021-05-07,BTC,55987.0,58683.0,55350.0,57699.0
2021-05-08,BTC,57713.0,59556.0,56915.0,59014.0
2021-05-09,BTC,59014.0,59318.0,56530.0,57982.0
2021-05-10,BTC,58001.0,59552.0,54000.0,55328.0
2021-05-11,BTC,55328.0,56949.0,54612.0,56942.0
2021-05-12,BTC,56942.0,57977.0,53646.0,54540.0
2021-05-13,BTC,54540.0,54820.0,46710.0,49253.0
2021-05-14,BTC,49253.0,51543.0,48528.0,49351.0
2021-05-15,BTC,49351.0,50661.0,47128.0,48255.0
2021-05-16,BTC,48266.0,49812.0,43893.0,44062.0
2021-05-17,BTC,44062.0,46552.0,42162.0,44843.0
2021-05-18,BTC,44853.0,45816.0,42539.0,43318.0
2021-05-19,BTC,43367.0,43569.0,30445.0,38390.0
2021-05-20,BTC,38468.0,42569.0,35132.0,40108.0
2021-05-21,BTC,40108.0,42124.0,35263.0,35263.0
2021-05-22,BTC,35250.0,38800.0,33623.0,38086.0
2021-05-23,BTC,38093.0,38397.0,31228.0,33791.0
2021-05-24,BTC,33791.0,39831.0,33715.0,38999.0
2021-05-25,BTC,39067.0,39845.0,36553.0,37656.0
2021-05-26,BTC,37656.0,40859.0,37526.0,38731.0
2021-05-27,BTC,38756.0,40401.0,37266.0,38476.0
2021-05-28,BTC,38476.0,39189.0,35201.0,35245.0
2021-05-29,BTC,35260.0,37236.0,33687.0,34266.0
2021-05-30,BTC,34266.0,36354.0,33554.0,36115.0
2021-05-31,BTC,36080.0,37465.0,34230.0,36677.0
2021-06-01,BTC,36677.0,37852.0,35792.0,36330.0
2021-06-02,BTC,36313.0,38213.0,35976.0,37739.0
2021-06-03,BTC,37739.0,39469.0,37249.0,38693.0
2021-06-04,BTC,38691.0,39277.0,35626.0,37071.0
2021-06-05,BTC,37071.0,37942.0,35396.0,35826.0
2021-06-06,BTC,35857.0,36454.0,34874.0,35897.0
2021-06-07,BTC,35938.0,36767.0,34155.0,34471.0
2021-06-08,BTC,34454.0,34630.0,31101.0,33638.0
2021-06-09,BTC,33625.0,36825.0,32466.0,36406.0
2021-06-10,BTC,36387.0,38389.0,35850.0,36410.0
2021-06-11,BTC,36410.0,37537.0,36217.0,37331.0
2021-06-12,BTC,37331.0,37342.0,35509.0,36041.0
2021-06-13,BTC,36041.0,38830.0,34982.0,38830.0
2021-06-14,BTC,40926.0,40926.0,39382.0,39809.0
2021-06-15,BTC,39836.0,41289.0,39612.0,39949.0
2021-06-16,BTC,39943.0,40473.0,38364.0,38550.0
2021-06-17,BTC,38550.0,39510.0,37448.0,37752.0
2021-06-18,BTC,37752.0,38186.0,35204.0,35493.0
2021-06-19,BTC,35493.0,36396.0,34888.0,36193.0
2021-06-20,BTC,36193.0,36193.0,33400.0,35853.0
2021-06-21,BTC,35853.0,35905.0,31822.0,32622.0
2021-06-22,BTC,32622.0,33240.0,29002.0,32895.0
2021-06-23,BTC,32895.0,34789.0,31772.0,33066.0
2021-06-24,BTC,33066.0,35228.0,32364.0,34857.0
2021-06-25,BTC,34858.0,35496.0,31508.0,32212.0
2021-06-26,BTC,32212.0,32638.0,30190.0,31329.0
2021-06-27,BTC,31315.0,33555.0,30968.0,32648.0
2021-06-28,BTC,32648.0,35224.0,32493.0,34721.0
2021-06-29,BTC,34682.0,36548.0,34142.0,36156.0
2021-06-30,BTC,36156.0,36301.0,34075.0,34585.0
2021-07-01,BTC,34585.0,35203.0,32819.0,33411.0
2021-07-02,BTC,33411.0,33955.0,32747.0,33124.0
2021-07-03,BTC,33124.0,34926.0,33106.0,34715.0
2021-07-04,BTC,34715.0,35679.0,34297.0,35542.0
2021-07-05,BTC,35542.0,35945.0,33171.0,33847.0
2021-07-06,BTC,33847.0,35058.0,33601.0,33941.0
2021-07-07,BTC,33941.0,35040.0,33724.0,34550.0
2021-07-08,BTC,34550.0,34550.0,32142.0,32788.0
2021-07-09,BTC,32788.0,33667.0,32302.0,33508.0
2021-07-10,BTC,33508.0,34229.0,33098.0,33329.0
2021-07-11,BTC,33329.0,34077.0,33279.0,33859.0
2021-07-12,BTC,33859.0,34611.0,32660.0,32833.0
2021-07-13,BTC,32833.0,33315.0,32239.0,32519.0
2021-07-14,BTC,32519.0,33066.0,31628.0,32811.0
2021-07-15,BTC,32811.0,33162.0,31174.0,31748.0
2021-07-16,BTC,31748.0,32233.0,31085.0,31850.0
2021-07-17,BTC,31850.0,31932.0,31224.0,31755.0
2021-07-18,BTC,31755.0,32404.0,31159.0,31663.0
2021-07-19,BTC,31663.0,31920.0,30568.0,30793.0
2021-07-20,BTC,30793.0,31004.0,29336.0,29864.0
2021-07-21,BTC,29864.0,32800.0,29513.0,31864.0
2021-07-22,BTC,31864.0,32597.0,31716.0,32257.0
2021-07-23,BTC,32257.0,32879.0,32038.0,32477.0
2021-07-24,BTC,32477.0,34518.0,32476.0,33919.0
2021-07-25,BTC,33919.0,34800.0,33851.0,34481.0
2021-07-26,BTC,34481.0,40502.0,34455.0,37598.0
2021-07-27,BTC,37598.0,38732.0,36453.0,38000.0
2021-07-28,BTC,38000.0,40830.0,37988.0,40068.0
2021-07-29,BTC,40068.0,40630.0,39337.0,39722.0
2021-07-30,BTC,39722.0,41290.0,38389.0,40860.0
2021-07-31,BTC,40860.0,42247.0,40693.0,41516.0
2021-08-01,BTC,41516.0,42551.0,40694.0,41310.0
2021-08-02,BTC,41310.0,41313.0,38720.0,38857.0
2021-08-03,BTC,38861.0,39773.0,37768.0,38113.0
2021-08-04,BTC,38113.0,39851.0,37558.0,39706.0
2021-08-05,BTC,39745.0,41367.0,37454.0,40908.0
2021-08-06,BTC,40908.0,43314.0,39942.0,42673.0
2021-08-07,BTC,42696.0,44557.0,42404.0,43945.0
2021-08-08,BTC,43945.0,45276.0,43331.0,43855.0
2021-08-09,BTC,43855.0,46431.0,42832.0,45482.0
2021-08-10,BTC,45482.0,46608.0,44695.0,45627.0
2021-08-11,BTC,45627.0,46752.0,45276.0,46340.0
2021-08-12,BTC,46340.0,46391.0,43844.0,44440.0
2021-08-13,BTC,44440.0,47775.0,43912.0,47545.0
2021-08-14,BTC,47545.0,48103.0,46201.0,46665.0
2021-08-15,BTC,46665.0,47349.0,45615.0,46750.0
2021-08-16,BTC,46750.0,48047.0,45728.0,46065.0
2021-08-17,BTC,46065.0,47140.0,44601.0,45017.0
2021-08-18,BTC,45017.0,45965.0,44283.0,44593.0
2021-08-19,BTC,44593.0,46831.0,44016.0,46568.0
2021-08-20,BTC,46587.0,48993.0,46361.0,48653.0
2021-08-21,BTC,48653.0,49799.0,48374.0,48988.0
2021-08-22,BTC,49070.0,49466.0,48225.0,48425.0
2021-08-23,BTC,48425.0,50478.0,48315.0,49509.0
2021-08-24,BTC,49525.0,49852.0,47856.0,48364.0
2021-08-25,BTC,48364.0,49147.0,47193.0,48748.0
2021-08-26,BTC,48721.0,49372.0,46444.0,47048.0
2021-08-27,BTC,47048.0,49076.0,46383.0,48946.0
2021-08-28,BTC,48913.0,49306.0,48405.0,48760.0
2021-08-29,BTC,48760.0,49605.0,47922.0,48897.0
2021-08-30,BTC,48927.0,49394.0,47500.0,48670.0
2021-08-31,BTC,48670.0,48679.0,46725.0,46996.0
2021-09-01,BTC,47008.0,48953.0,46567.0,48279.0
2021-09-02,BTC,48271.0,50333.0,48268.0,49556.0
2021-09-03,BTC,49553.0,50999.0,48379.0,50184.0
2021-09-04,BTC,50152.0,50543.0,49535.0,50195.0
2021-09-05,BTC,50195.0,51652.0,49527.0,51652.0
2021-09-06,BTC,51753.0,52142.0,51044.0,51930.0
2021-09-07,BTC,51930.0,52918.0,43917.0,46777.0
2021-09-08,BTC,46825.0,47357.0,44548.0,46154.0
2021-09-09,BTC,46154.0,47384.0,45586.0,46268.0
2021-09-10,BTC,46265.0,47041.0,44879.0,45094.0
2021-09-11,BTC,45094.0,46000.0,44304.0,45333.0
2021-09-12,BTC,45317.0,46198.0,44781.0,45023.0
2021-09-13,BTC,45023.0,46697.0,43561.0,45144.0
2021-09-14,BTC,45186.0,46926.0,44724.0,46828.0
2021-09-15,BTC,46828.0,48436.0,46418.0,47948.0
2021-09-16,BTC,47941.0,48497.0,47063.0,47102.0
2021-09-17,BTC,47102.0,48167.0,46775.0,47028.0
2021-09-18,BTC,47028.0,48797.0,46828.0,48008.0
2021-09-19,BTC,48008.0,48359.0,47182.0,47588.0
2021-09-20,BTC,47588.0,47660.0,42636.0,43489.0
2021-09-21,BTC,43489.0,43904.0,40391.0,40971.0
2021-09-22,BTC,40971.0,43988.0,39721.0,43445.0
2021-09-23,BTC,43445.0,44932.0,43051.0,44679.0
2021-09-24,BTC,44679.0,45076.0,40944.0,43001.0
2021-09-25,BTC,43001.0,43162.0,41750.0,42719.0
2021-09-26,BTC,42719.0,43695.0,40827.0,43607.0
2021-09-27,BTC,43607.0,44318.0,42689.0,42696.0
2021-09-28,BTC,42708.0,43364.0,41145.0,41792.0
2021-09-29,BTC,41792.0,42538.0,40806.0,41114.0
2021-09-30,BTC,41133.0,44110.0,40984.0,43432.0
2021-10-01,BTC,43432.0,48122.0,43302.0,48110.0
2021-10-02,BTC,48139.0,48441.0,47480.0,48045.0
2021-10-03,BTC,48045.0,49158.0,47139.0,48552.0
2021-10-04,BTC,48465.0,49491.0,46993.0,49016.0
2021-10-05,BTC,49016.0,51757.0,48595.0,51378.0
2021-10-06,BTC,51378.0,55399.0,50476.0,54903.0
2021-10-07,BTC,54903.0,55588.0,53496.0,54205.0
2021-10-08,BTC,54205.0,55981.0,53659.0,53951.0
2021-10-09,BTC,53951.0,55410.0,53738.0,54651.0
2021-10-10,BTC,54651.0,56370.0,54211.0,55425.0
2021-10-11,BTC,55425.0,57767.0,54445.0,57390.0
2021-10-12,BTC,57390.0,57631.0,54404.0,55364.0
2021-10-13,BTC,55364.0,57479.0,54325.0,56988.0
2021-10-14,BTC,56988.0,58488.0,56916.0,57491.0
2021-10-15,BTC,57449.0,62719.0,56896.0,62496.0
2021-10-16,BTC,62496.0,62526.0,60184.0,61024.0
2021-10-17,BTC,61013.0,61408.0,59071.0,59472.0
2021-10-18,BTC,59472.0,62626.0,59395.0,61445.0
2021-10-19,BTC,61369.0,64322.0,61139.0,64120.0
2021-10-20,BTC,64120.0,66923.0,63594.0,65971.0
2021-10-21,BTC,65980.0,66612.0,62368.0,62707.0
2021-10-22,BTC,62707.0,63694.0,60100.0,60752.0
2021-10-23,BTC,60728.0,61716.0,59764.0,61087.0
2021-10-24,BTC,61087.0,61451.0,59571.0,61124.0
2021-10-25,BTC,61153.0,63688.0,60654.0,62546.0
2021-10-26,BTC,62546.0,63272.0,61863.0,62068.0
2021-10-27,BTC,62095.0,62095.0,58153.0,58957.0
2021-10-28,BTC,58957.0,62321.0,57964.0,61465.0
2021-10-29,BTC,61398.0,62943.0,60315.0,62420.0
2021-10-30,BTC,62420.0,62490.0,60876.0,61705.0
2021-10-31,BTC,61698.0,62400.0,60058.0,60968.0
2021-11-01,BTC,60968.0,62466.0,59716.0,60652.0
2021-11-02,BTC,60652.0,64243.0,60460.0,63140.0
2021-11-03,BTC,63140.0,63543.0,61029.0,62769.0
2021-11-04,BTC,62769.0,63211.0,60776.0,61378.0
2021-11-05,BTC,61364.0,62571.0,60791.0,60966.0
2021-11-06,BTC,60966.0,61594.0,60184.0,61223.0
2021-11-07,BTC,61226.0,63058.0,61226.0,62862.0
2021-11-08,BTC,62862.0,66504.0,62817.0,66175.0
2021-11-09,BTC,66143.0,68494.0,66112.0,67802.0
2021-11-10,BTC,67802.0,68925.0,63052.0,64387.0
2021-11-11,BTC,64193.0,65597.0,63984.0,65030.0
2021-11-12,BTC,65030.0,65459.0,62334.0,64072.0
2021-11-13,BTC,64130.0,64941.0,63412.0,64317.0
2021-11-14,BTC,64317.0,65297.0,63673.0,64373.0
2021-11-15,BTC,64361.0,66311.0,63659.0,63864.0
2021-11-16,BTC,63864.0,64015.0,58870.0,60557.0
2021-11-17,BTC,60509.0,61067.0,58567.0,60101.0
2021-11-18,BTC,60101.0,60956.0,56777.0,57583.0
2021-11-19,BTC,57606.0,58396.0,55688.0,57924.0
2021-11-20,BTC,57924.0,59725.0,57570.0,59682.0
2021-11-21,BTC,59682.0,60044.0,58630.0,59568.0
2021-11-22,BTC,59568.0,59574.0,55706.0,56278.0
2021-11-23,BTC,56278.0,57847.0,55537.0,57696.0
2021-11-24,BTC,57696.0,57755.0,55928.0,57334.0
2021-11-25,BTC,57334.0,59399.0,56918.0,58834.0
2021-11-26,BTC,58834.0,59342.0,53577.0,54101.0
2021-11-27,BTC,54101.0,55339.0,53605.0,54601.0
2021-11-28,BTC,54601.0,56402.0,53578.0,56281.0
2021-11-29,BTC,56281.0,58878.0,56104.0,58266.0
2021-11-30,BTC,58266.0,59146.0,55932.0,57144.0
2021-12-01,BTC,57144.0,59093.0,56547.0,57026.0
2021-12-02,BTC,57026.0,57362.0,55859.0,56904.0
2021-12-03,BTC,56904.0,57464.0,52653.0,53672.0
2021-12-04,BTC,53648.0,53874.0,42169.0,48745.0
2021-12-05,BTC,48770.0,49746.0,47892.0,49275.0
2021-12-06,BTC,49275.0,50426.0,47290.0,50007.0
2021-12-07,BTC,50126.0,51942.0,50126.0,50500.0
2021-12-08,BTC,50500.0,51182.0,48750.0,50634.0
2021-12-09,BTC,50634.0,50851.0,47377.0,47996.0
2021-12-10,BTC,47996.0,49982.0,47355.0,47984.0
2021-12-11,BTC,47984.0,49285.0,46880.0,48847.0
2021-12-12,BTC,48847.0,50767.0,48672.0,49981.0
2021-12-13,BTC,49981.0,50380.0,45871.0,46892.0
2021-12-14,BTC,46892.0,48639.0,46378.0,48280.0
2021-12-15,BTC,48280.0,49495.0,46631.0,49221.0
2021-12-16,BTC,49221.0,49398.0,47715.0,48139.0
2021-12-17,BTC,48139.0,48163.0,45539.0,46946.0
2021-12-18,BTC,46946.0,47335.0,45557.0,46941.0
2021-12-19,BTC,46941.0,48285.0,46468.0,46741.0
2021-12-20,BTC,46741.0,47524.0,45581.0,47013.0
2021-12-21,BTC,47013.0,49318.0,46676.0,49059.0
2021-12-22,BTC,49103.0,49557.0,48477.0,49082.0
2021-12-23,BTC,49082.0,51364.0,48077.0,50843.0
2021-12-24,BTC,50849.0,51836.0,50513.0,50898.0
2021-12-25,BTC,50898.0,51144.0,50220.0,51001.0
2021-12-26,BTC,51003.0,51003.0,49568.0,50802.0
2021-12-27,BTC,50802.0,51976.0,50487.0,50996.0
2021-12-28,BTC,50990.0,51228.0,47330.0,47586.0
2021-12-29,BTC,47586.0,48152.0,46664.0,47210.0
2021-12-30,BTC,47233.0,47893.0,46019.0,47239.0
2021-12-31,BTC,47239.0,48564.0,45715.0,46322.0
2022-01-01,BTC,47168.0,48224.0,45725.0,46233.0
2022-01-02,BTC,47097.0,47884.0,45735.0,46144.0
2022-01-03,BTC,47026.0,47544.0,45745.0,46055.0
2022-01-04,BTC,46055.0,47490.0,45586.0,46298.0
2022-01-05,BTC,46298.0,46851.0,43522.0,43658.0
2022-01-06,BTC,43658.0,43764.0,42529.0,43114.0
2022-01-07,BTC,43114.0,43233.0,40769.0,41908.0
2022-01-08,BTC,41884.0,42206.0,40614.0,41786.0
2022-01-09,BTC,41786.0,42771.0,41285.0,42334.0
2022-01-10,BTC,42314.0,42484.0,39712.0,41705.0
2022-01-11,BTC,41705.0,43109.0,41304.0,42686.0
2022-01-12,BTC,42686.0,44303.0,42498.0,43815.0
2022-01-13,BTC,43815.0,44401.0,42354.0,42826.0
2022-01-14,BTC,42826.0,43411.0,41865.0,43329.0
2022-01-15,BTC,43329.0,43775.0,42620.0,43346.0
2022-01-16,BTC,43332.0,43472.0,42622.0,43011.0
2022-01-17,BTC,43011.0,43275.0,41632.0,41741.0
2022-01-18,BTC,41741.0,42476.0,41319.0,42401.0
2022-01-19,BTC,42401.0,42604.0,41200.0,41739.0
2022-01-20,BTC,41733.0,43517.0,41389.0,41391.0
2022-01-21,BTC,41391.0,41524.0,36208.0,36689.0
2022-01-22,BTC,36701.0,37149.0,34163.0,35461.0
2022-01-23,BTC,35461.0,36157.0,34694.0,35389.0
2022-01-24,BTC,35379.0,37397.0,33070.0,36851.0
2022-01-25,BTC,36851.0,37501.0,35741.0,36632.0
2022-01-26,BTC,36632.0,38874.0,36371.0,36371.0
2022-01-27,BTC,36371.0,37168.0,35551.0,36223.0
2022-01-28,BTC,36223.0,38009.0,35934.0,37818.0
2022-01-29,BTC,37818.0,38673.0,37362.0,38437.0
2022-01-30,BTC,38437.0,38437.0,37411.0,37747.0
2022-01-31,BTC,37747.0,38728.0,36703.0,38444.0
2022-02-01,BTC,38444.0,39261.0,38051.0,38741.0
2022-02-02,BTC,38741.0,38900.0,36686.0,36877.0
2022-02-03,BTC,36877.0,37220.0,36279.0,36964.0
2022-02-04,BTC,36967.0,40890.0,36833.0,40647.0
2022-02-05,BTC,40647.0,41919.0,40410.0,41718.0
2022-02-06,BTC,41670.0,42094.0,41229.0,41693.0
2022-02-07,BTC,41693.0,44495.0,41609.0,44050.0
2022-02-08,BTC,44050.0,45403.0,42727.0,44264.0
2022-02-09,BTC,44264.0,44837.0,43202.0,44502.0
2022-02-10,BTC,44502.0,45758.0,43350.0,43753.0
2022-02-11,BTC,43753.0,44113.0,42253.0,42561.0
2022-02-12,BTC,42561.0,43025.0,41816.0,41910.0
2022-02-13,BTC,41910.0,42743.0,41889.0,42259.0
2022-02-14,BTC,42259.0,42843.0,41646.0,42257.0
2022-02-15,BTC,42257.0,44512.0,42243.0,44007.0
2022-02-16,BTC,44007.0,44741.0,43415.0,44091.0
2022-02-17,BTC,44091.0,44181.0,40128.0,40708.0
2022-02-18,BTC,40708.0,40964.0,39622.0,39996.0
2022-02-19,BTC,39996.0,40467.0,39690.0,39936.0
2022-02-20,BTC,39936.0,40152.0,38037.0,38249.0
2022-02-21,BTC,38249.0,39464.0,37193.0,37193.0
2022-02-22,BTC,37018.0,38269.0,36420.0,37913.0
2022-02-23,BTC,37913.0,39214.0,37441.0,37571.0
2022-02-24,BTC,37521.0,39136.0,34413.0,38396.0
2022-02-25,BTC,38396.0,39681.0,37801.0,39009.0
2022-02-26,BTC,38992.0,40081.0,38661.0,39479.0
2022-02-27,BTC,39479.0,39834.0,37063.0,37461.0
2022-02-28,BTC,37440.0,41928.0,37428.0,41650.0
2022-03-01,BTC,41650.0,44957.0,41650.0,43870.0
2022-03-02,BTC,43899.0,45309.0,43372.0,43950.0
2022-03-03,BTC,43950.0,44224.0,41848.0,42127.0
2022-03-04,BTC,42117.0,42659.0,39106.0,39410.0
2022-03-05,BTC,39410.0,39583.0,38641.0,39396.0
2022-03-06,BTC,39378.0,39660.0,38144.0,38994.0
2022-03-07,BTC,38994.0,39534.0,37187.0,37873.0
2022-03-08,BTC,37873.0,39372.0,37823.0,38545.0
2022-03-09,BTC,38545.0,42552.0,38515.0,41910.0
2022-03-10,BTC,41910.0,42123.0,38770.0,39302.0
2022-03-11,BTC,39330.0,40189.0,38261.0,38869.0
2022-03-12,BTC,38864.0,39364.0,38713.0,39103.0
2022-03-13,BTC,39103.0,39237.0,38424.0,38677.0
2022-03-14,BTC,38692.0,39275.0,37624.0,38737.0
2022-03-15,BTC,38737.0,39864.0,38184.0,39416.0
2022-03-16,BTC,39452.0,41649.0,38980.0,41252.0
2022-03-17,BTC,41252.0,41444.0,40612.0,40717.0
2022-03-18,BTC,40723.0,42296.0,40228.0,41849.0
2022-03-19,BTC,41849.0,42374.0,41564.0,42256.0
2022-03-20,BTC,42256.0,42366.0,40966.0,41308.0
2022-03-21,BTC,41308.0,41514.0,40550.0,41186.0
2022-03-22,BTC,41186.0,43253.0,40915.0,42611.0
2022-03-23,BTC,42611.0,42863.0,41809.0,42350.0
2022-03-24,BTC,42350.0,44215.0,42276.0,43914.0
2022-03-25,BTC,43914.0,45097.0,43641.0,44564.0
2022-03-26,BTC,44600.0,44801.0,44131.0,44608.0
2022-03-27,BTC,44608.0,46402.0,44289.0,46073.0
2022-03-28,BTC,46105.0,48174.0,45912.0,47944.0
2022-03-29,BTC,47944.0,48103.0,47002.0,47406.0
2022-03-30,BTC,47470.0,47705.0,46645.0,47232.0
2022-03-31,BTC,47232.0,47573.0,45542.0,45760.0
2022-04-01,BTC,45760.0,46696.0,44310.0,46175.0
2022-04-02,BTC,46175.0,47183.0,45681.0,46208.0
2022-04-03,BTC,46208.0,46766.0,45580.0,46391.0
2022-04-04,BTC,46391.0,47367.0,45174.0,46304.0
2022-04-05,BTC,46304.0,47158.0,45593.0,45707.0
2022-04-06,BTC,45707.0,46042.0,43343.0,43898.0
2022-04-07,BTC,43905.0,44002.0,42784.0,43573.0
2022-04-08,BTC,43573.0,43962.0,42557.0,42750.0
2022-04-09,BTC,42808.0,42859.0,42138.0,42459.0
2022-04-10,BTC,42459.0,43398.0,42430.0,43154.0
2022-04-11,BTC,43147.0,43242.0,39629.0,39850.0
2022-04-12,BTC,39850.0,40641.0,39301.0,39536.0
2022-04-13,BTC,39536.0,41499.0,39498.0,41245.0
2022-04-14,BTC,41245.0,41476.0,39626.0,39896.0
2022-04-15,BTC,39896.0,40727.0,39807.0,40409.0
2022-04-16,BTC,40404.0,40657.0,40044.0,40356.0
2022-04-17,BTC,40356.0,40712.0,39927.0,40295.0
2022-04-18,BTC,40295.0,40911.0,38639.0,40665.0
2022-04-19,BTC,40665.0,41750.0,40609.0,41300.0
2022-04-20,BTC,41300.0,42202.0,40935.0,41435.0
2022-04-21,BTC,41435.0,42949.0,40647.0,40647.0
2022-04-22,BTC,40647.0,40842.0,39214.0,39597.0
2022-04-23,BTC,39597.0,39974.0,39331.0,39794.0
2022-04-24,BTC,39794.0,39937.0,39046.0,39539.0
2022-04-25,BTC,39539.0,40316.0,38292.0,40140.0
2022-04-26,BTC,40140.0,40748.0,37757.0,38128.0
2022-04-27,BTC,38128.0,39451.0,37746.0,39095.0
2022-04-28,BTC,39095.0,40338.0,38877.0,39928.0
2022-04-29,BTC,39928.0,39989.0,38213.0,38559.0
2022-04-30,BTC,38559.0,38776.0,38201.0,38332.0
2022-05-01,BTC,38332.0,38660.0,37510.0,38196.0
2022-05-02,BTC,38196.0,39108.0,38102.0,38321.0
2022-05-03,BTC,38321.0,38854.0,37543.0,37633.0
2022-05-04,BTC,37633.0,39890.0,37633.0,39780.0
2022-05-05,BTC,39780.0,39860.0,35690.0,36432.0
2022-05-06,BTC,36432.0,36648.0,35387.0,36074.0
2022-05-07,BTC,36074.0,36140.0,35749.0,35775.0
2022-05-08,BTC,35775.0,35816.0,33766.0,34604.0
2022-05-09,BTC,34604.0,34604.0,30416.0,31076.0
2022-05-10,BTC,31076.0,32624.0,29842.0,30960.0
2022-05-11,BTC,30960.0,32075.0,28233.0,28315.0
2022-05-12,BTC,28315.0,30079.0,25805.0,28572.0
2022-05-13,BTC,28572.0,30994.0,27968.0,29800.0
2022-05-14,BTC,29800.0,30079.0,28661.0,29370.0
2022-05-15,BTC,29370.0,31061.0,29345.0,30991.0
2022-05-16,BTC,30991.0,31346.0,29179.0,29880.0
2022-05-17,BTC,29880.0,30721.0,29465.0,30081.0
2022-05-18,BTC,30081.0,30664.0,28749.0,29205.0
2022-05-19,BTC,29205.0,30483.0,28637.0,30214.0
2022-05-20,BTC,30214.0,30700.0,28714.0,29121.0
2022-05-21,BTC,29121.0,29597.0,28949.0,29380.0
2022-05-22,BTC,29380.0,30259.0,29254.0,29910.0
2022-05-23,BTC,29910.0,30615.0,29054.0,29289.0
2022-05-24,BTC,29289.0,29544.0,28665.0,29429.0
2022-05-25,BTC,29429.0,30175.0,29345.0,29762.0
2022-05-26,BTC,29762.0,29842.0,28158.0,29447.0
2022-05-27,BTC,29447.0,29643.0,28256.0,28739.0
2022-05-28,BTC,28739.0,29222.0,28524.0,28996.0
2022-05-29,BTC,28996.0,29428.0,28824.0,29162.0
2022-05-30,BTC,29162.0,31302.0,29153.0,31271.0
2022-05-31,BTC,31271.0,32324.0,31206.0,31757.0
2022-06-01,BTC,31757.0,31957.0,29367.0,29645.0
2022-06-02,BTC,29645.0,30350.0,29504.0,30242.0
2022-06-03,BTC,30242.0,30667.0,29355.0,29652.0
2022-06-04,BTC,29649.0,29888.0,29482.0,29726.0
2022-06-05,BTC,29726.0,30149.0,29539.0,29945.0
2022-06-06,BTC,29941.0,31735.0,29817.0,31432.0
2022-06-07,BTC,31432.0,31554.0,29230.0,31341.0
2022-06-08,BTC,31341.0,31515.0,29874.0,30202.0
2022-06-09,BTC,30202.0,30653.0,29961.0,30139.0
2022-06-10,BTC,30148.0,30286.0,28891.0,29194.0
2022-06-11,BTC,29194.0,29409.0,28173.0,28393.0
2022-06-12,BTC,28403.0,28659.0,26947.0,27383.0
2022-06-13,BTC,27383.0,27513.0,22617.0,23251.0
2022-06-14,BTC,23238.0,23329.0,20889.0,21992.0
2022-06-15,BTC,21992.0,22229.0,20111.0,21685.0
2022-06-16,BTC,21693.0,22899.0,20522.0,20683.0
2022-06-17,BTC,20683.0,21268.0,20219.0,20627.0
2022-06-18,BTC,20618.0,20723.0,17630.0,17727.0
2022-06-19,BTC,17727.0,20635.0,17727.0,20501.0
2022-06-20,BTC,20501.0,20940.0,19840.0,20444.0
2022-06-21,BTC,20444.0,21664.0,20257.0,20836.0
2022-06-22,BTC,20836.0,20979.0,19781.0,19898.0
2022-06-23,BTC,19898.0,21023.0,19827.0,20802.0
2022-06-24,BTC,20797.0,21351.0,20676.0,21194.0
2022-06-25,BTC,21194.0,21524.0,20916.0,21222.0
2022-06-26,BTC,21222.0,21857.0,21138.0,21390.0
2022-06-27,BTC,21390.0,21490.0,20553.0,20900.0
2022-06-28,BTC,20900.0,21174.0,20198.0,20253.0
2022-06-29,BTC,20253.0,20414.0,19885.0,20171.0
2022-06-30,BTC,20188.0,20314.0,18669.0,18731.0
2022-07-01,BTC,18731.0,20742.0,18706.0,19414.0
2022-07-02,BTC,19420.0,19489.0,18997.0,19295.0
2022-07-03,BTC,19295.0,19319.0,18782.0,19106.0
2022-07-04,BTC,19106.0,19850.0,19044.0,19532.0
2022-07-05,BTC,19532.0,20692.0,19395.0,20459.0
2022-07-06,BTC,20439.0,20457.0,19765.0,20394.0
2022-07-07,BTC,20394.0,21808.0,20258.0,21608.0
2022-07-08,BTC,21608.0,22336.0,21208.0,21834.0
2022-07-09,BTC,21834.0,21997.0,21323.0,21668.0
2022-07-10,BTC,21686.0,21737.0,20684.0,20960.0
2022-07-11,BTC,20960.0,21158.0,20301.0,20396.0
2022-07-12,BTC,20402.0,20403.0,19306.0,19434.0
2022-07-13,BTC,19434.0,20013.0,18975.0,19663.0
2022-07-14,BTC,19663.0,20835.0,19642.0,20660.0
2022-07-15,BTC,20660.0,21181.0,20384.0,20925.0
2022-07-16,BTC,20925.0,21561.0,20481.0,21165.0
2022-07-17,BTC,21165.0,21645.0,20853.0,20938.0
2022-07-18,BTC,20938.0,22725.0,20756.0,21514.0
2022-07-19,BTC,21514.0,23660.0,21456.0,23308.0
2022-07-20,BTC,23308.0,24258.0,22925.0,23305.0
2022-07-21,BTC,23305.0,23780.0,22376.0,23134.0
2022-07-22,BTC,23134.0,23689.0,22532.0,22603.0
2022-07-23,BTC,22603.0,22999.0,21978.0,22319.0
2022-07-24,BTC,22319.0,22876.0,22242.0,22749.0
2022-07-25,BTC,22749.0,23007.0,21582.0,22166.0
2022-07-26,BTC,22166.0,22176.0,20753.0,20964.0
2022-07-27,BTC,20964.0,23026.0,20834.0,22795.0
2022-07-28,BTC,22795.0,24167.0,22586.0,24012.0
2022-07-29,BTC,24012.0,24310.0,23486.0,23952.0
2022-07-30,BTC,23952.0,24613.0,23704.0,23979.0
2022-07-31,BTC,23979.0,24164.0,23439.0,23804.0
2022-08-01,BTC,23804.0,23824.0,22878.0,23027.0
2022-08-02,BTC,23027.0,23450.0,22679.0,23015.0
2022-08-03,BTC,23015.0,23607.0,22698.0,23324.0
2022-08-04,BTC,23324.0,23367.0,22443.0,22503.0
2022-08-05,BTC,22503.0,23455.0,22467.0,22969.0
2022-08-06,BTC,22969.0,23347.0,22969.0,23167.0
2022-08-07,BTC,23167.0,23285.0,22863.0,23271.0
2022-08-08,BTC,23271.0,24234.0,23081.0,24073.0
2022-08-09,BTC,24073.0,24073.0,22898.0,23147.0
2022-08-10,BTC,23147.0,24117.0,22720.0,23880.0
2022-08-11,BTC,23909.0,24859.0,23792.0,24214.0
2022-08-12,BTC,24214.0,24311.0,23634.0,24244.0
2022-08-13,BTC,24235.0,24886.0,24090.0,24505.0
2022-08-14,BTC,24505.0,24992.0,24178.0,24327.0
2022-08-15,BTC,24320.0,25199.0,23912.0,24070.0
2022-08-16,BTC,24070.0,24253.0,23669.0,23973.0
2022-08-17,BTC,23973.0,24447.0,23206.0,23408.0
2022-08-18,BTC,23408.0,23577.0,23236.0,23417.0
2022-08-19,BTC,23413.0,23426.0,21189.0,21278.0
2022-08-20,BTC,21278.0,21361.0,20820.0,20856.0
2022-08-21,BTC,20856.0,21723.0,20813.0,21520.0
2022-08-22,BTC,21520.0,21688.0,20958.0,21107.0
2022-08-23,BTC,21126.0,21597.0,20925.0,21489.0
2022-08-24,BTC,21489.0,21879.0,21173.0,21697.0
2022-08-25,BTC,21693.0,21806.0,21306.0,21647.0
2022-08-26,BTC,21647.0,21795.0,20565.0,20667.0
2022-08-27,BTC,20657.0,20683.0,19873.0,20000.0
2022-08-28,BTC,20000.0,20152.0,19836.0,19999.0
2022-08-29,BTC,19999.0,20379.0,19544.0,20188.0
2022-08-30,BTC,20188.0,20567.0,19583.0,19975.0
2022-08-31,BTC,19975.0,20476.0,19763.0,20207.0
2022-09-01,BTC,20207.0,20291.0,19591.0,20076.0
2022-09-02,BTC,20076.0,20411.0,19778.0,19965.0
2022-09-03,BTC,19965.0,20044.0,19663.0,19739.0
2022-09-04,BTC,19739.0,19936.0,19605.0,19898.0
2022-09-05,BTC,19898.0,20048.0,19646.0,19743.0
2022-09-06,BTC,19743.0,20147.0,18734.0,18962.0
2022-09-07,BTC,18962.0,19447.0,18582.0,19393.0
2022-09-08,BTC,19393.0,19450.0,19083.0,19371.0
2022-09-09,BTC,19371.0,21411.0,19258.0,21285.0
2022-09-10,BTC,21285.0,21712.0,21192.0,21487.0
2022-09-11,BTC,21487.0,21860.0,21426.0,21643.0
2022-09-12,BTC,21643.0,22467.0,21500.0,22396.0
2022-09-13,BTC,22396.0,22733.0,20079.0,20254.0
2022-09-14,BTC,20254.0,20487.0,19646.0,19948.0
2022-09-15,BTC,19948.0,20376.0,19555.0,19836.0
2022-09-16,BTC,19836.0,19896.0,19360.0,19743.0
2022-09-17,BTC,19743.0,20178.0,19705.0,20081.0
2022-09-18,BTC,20081.0,20147.0,19597.0,19721.0
2022-09-19,BTC,19721.0,19721.0,18397.0,19520.0
2022-09-20,BTC,19520.0,19663.0,18803.0,18970.0
2022-09-21,BTC,18976.0,19713.0,18808.0,18918.0
2022-09-22,BTC,18918.0,19470.0,18189.0,19247.0
2022-09-23,BTC,19247.0,19481.0,18571.0,18852.0
2022-09-24,BTC,18852.0,19386.0,18813.0,19138.0
2022-09-25,BTC,19138.0,19142.0,18817.0,18888.0
2022-09-26,BTC,18888.0,19288.0,18662.0,19135.0
2022-09-27,BTC,19121.0,20366.0,18854.0,19055.0
2022-09-28,BTC,19055.0,19623.0,18506.0,19565.0
2022-09-29,BTC,19574.0,19726.0,18825.0,19483.0
2022-09-30,BTC,19483.0,20131.0,19198.0,19420.0
2022-10-01,BTC,19425.0,19476.0,19218.0,19250.0
2022-10-02,BTC,19250.0,19391.0,19062.0,19231.0
2022-10-03,BTC,19227.0,19630.0,18945.0,19590.0
2022-10-04,BTC,19590.0,20420.0,19511.0,20350.0
2022-10-05,BTC,20350.0,20402.0,19779.0,20022.0
2022-10-06,BTC,20022.0,20438.0,19890.0,20049.0
2022-10-07,BTC,20055.0,20055.0,19351.0,19549.0
2022-10-08,BTC,19549.0,19643.0,19424.0,19461.0
2022-10-09,BTC,19461.0,19558.0,19278.0,19477.0
2022-10-10,BTC,19477.0,19518.0,19137.0,19243.0
2022-10-11,BTC,19243.0,19270.0,18888.0,19026.0
2022-10-12,BTC,19026.0,19188.0,18999.0,19148.0
2022-10-13,BTC,19163.0,19501.0,18271.0,19382.0
2022-10-14,BTC,19382.0,19916.0,19139.0,19187.0
2022-10-15,BTC,19186.0,19219.0,19052.0,19103.0
2022-10-16,BTC,19103.0,19395.0,19010.0,19352.0
2022-10-17,BTC,19349.0,19631.0,19128.0,19527.0
2022-10-18,BTC,19527.0,19683.0,19113.0,19373.0
2022-10-19,BTC,19365.0,19375.0,19113.0,19196.0
2022-10-20,BTC,19196.0,19302.0,18937.0,19022.0
2022-10-21,BTC,19027.0,19227.0,18734.0,19179.0
2022-10-22,BTC,19179.0,19252.0,19118.0,19220.0
2022-10-23,BTC,19218.0,19517.0,19081.0,19498.0
2022-10-24,BTC,19498.0,19674.0,19168.0,19374.0
2022-10-25,BTC,19374.0,20397.0,19240.0,20172.0
2022-10-26,BTC,20172.0,20985.0,20023.0,20754.0
2022-10-27,BTC,20754.0,20901.0,20261.0,20418.0
2022-10-28,BTC,20418.0,20738.0,20055.0,20649.0
2022-10-29,BTC,20634.0,21020.0,20566.0,20865.0
2022-10-30,BTC,20865.0,20944.0,20578.0,20688.0
2022-10-31,BTC,20683.0,20819.0,20274.0,20407.0
2022-11-01,BTC,20407.0,20670.0,20368.0,20481.0
2022-11-02,BTC,20481.0,20739.0,20118.0,20192.0
2022-11-03,BTC,20192.0,20387.0,20063.0,20240.0
2022-11-04,BTC,20240.0,21200.0,20164.0,21147.0
2022-11-05,BTC,21147.0,21486.0,21085.0,21367.0
2022-11-06,BTC,21367.0,21372.0,21125.0,21132.0
2022-11-07,BTC,21132.0,21179.0,20621.0,20667.0
2022-11-08,BTC,20667.0,20667.0,17302.0,18711.0
2022-11-09,BTC,18711.0,18724.0,15691.0,15788.0
2022-11-10,BTC,15788.0,18096.0,15614.0,17807.0
2022-11-11,BTC,17807.0,17857.0,16429.0,16773.0
2022-11-12,BTC,16773.0,17092.0,16619.0,16793.0
2022-11-13,BTC,16793.0,16911.0,16250.0,16380.0
2022-11-14,BTC,16380.0,17111.0,15807.0,16393.0
2022-11-15,BTC,16393.0,17094.0,16344.0,16880.0
2022-11-16,BTC,16880.0,16968.0,16381.0,16538.0
2022-11-17,BTC,16538.0,16723.0,16407.0,16681.0
2022-11-18,BTC,16681.0,16963.0,16544.0,16640.0
2022-11-19,BTC,16640.0,16703.0,16552.0,16665.0
2022-11-20,BTC,16665.0,16799.0,16236.0,16251.0
2022-11-21,BTC,16251.0,16331.0,15508.0,15602.0
2022-11-22,BTC,15602.0,16251.0,15599.0,16137.0
2022-11-23,BTC,16137.0,16622.0,16091.0,16482.0
2022-11-24,BTC,16482.0,16769.0,16448.0,16537.0
2022-11-25,BTC,16537.0,16606.0,16352.0,16503.0
2022-11-26,BTC,16503.0,16678.0,16425.0,16507.0
2022-11-27,BTC,16507.0,16587.0,16390.0,16570.0
2022-11-28,BTC,16570.0,16586.0,16018.0,16193.0
2022-11-29,BTC,16193.0,16528.0,16094.0,16454.0
2022-11-30,BTC,16454.0,17103.0,16429.0,17102.0
2022-12-01,BTC,17102.0,17211.0,16876.0,16931.0
2022-12-02,BTC,16931.0,17098.0,16859.0,17016.0
2022-12-03,BTC,17016.0,17133.0,16907.0,16957.0
2022-12-04,BTC,16957.0,17151.0,16876.0,17113.0
2022-12-05,BTC,17113.0,17416.0,16890.0,16970.0
2022-12-06,BTC,16970.0,17092.0,16920.0,16994.0
2022-12-07,BTC,16994.0,17125.0,16692.0,16833.0
2022-12-08,BTC,16833.0,17288.0,16763.0,17178.0
2022-12-09,BTC,17178.0,17274.0,17077.0,17109.0
2022-12-10,BTC,17109.0,17219.0,17106.0,17129.0
2022-12-11,BTC,17129.0,17258.0,17093.0,17109.0
2022-12-12,BTC,17109.0,17191.0,16884.0,17153.0
2022-12-13,BTC,17153.0,17889.0,17094.0,17764.0
2022-12-14,BTC,17764.0,18338.0,17698.0,17818.0
2022-12-15,BTC,17818.0,17861.0,17340.0,17384.0
2022-12-16,BTC,17384.0,17524.0,16754.0,16835.0
2022-12-17,BTC,16835.0,16869.0,16534.0,16709.0
2022-12-18,BTC,16709.0,16796.0,16671.0,16750.0
2022-12-19,BTC,16750.0,16820.0,16499.0,16583.0
2022-12-20,BTC,16583.0,17023.0,16300.0,16883.0
2022-12-21,BTC,16883.0,16923.0,16729.0,16790.0
2022-12-22,BTC,16790.0,16862.0,16569.0,16791.0
2022-12-23,BTC,16791.0,16900.0,16769.0,16815.0
2022-12-24,BTC,16815.0,16865.0,16765.0,16836.0
2022-12-25,BTC,16836.0,16863.0,16744.0,16823.0
2022-12-26,BTC,16823.0,16910.0,16794.0,16821.0
2022-12-27,BTC,16821.0,16957.0,16603.0,16698.0
2022-12-28,BTC,16698.0,16759.0,16478.0,16517.0
2022-12-29,BTC,16517.0,16656.0,16478.0,16599.0
2022-12-30,BTC,16599.0,16644.0,16340.0,16576.0
2022-12-31,BTC,16574.0,16630.5,16415.5,16583.5
2023-01-01,BTC,16549.0,16617.0,16491.0,16591.0
2023-01-02,BTC,16591.0,16758.0,16544.0,16725.0
2023-01-03,BTC,16725.0,16799.0,16609.0,16667.0
2023-01-04,BTC,16667.0,16980.0,16641.0,16820.0
2023-01-05,BTC,16821.0,16846.0,16771.0,16846.0
2023-01-06,BTC,16846.0,17002.0,16698.0,16929.0
2023-01-07,BTC,16929.0,16981.0,16909.0,16943.0
2023-01-08,BTC,16943.0,17007.0,16913.0,16953.0
2023-01-09,BTC,16955.0,17399.0,16952.0,17190.0
2023-01-10,BTC,17190.0,17489.0,17134.0,17475.0
2023-01-11,BTC,17475.0,17570.0,17323.0,17556.0
2023-01-12,BTC,17556.0,19051.0,17517.0,18822.0
2023-01-13,BTC,18836.0,19866.0,18727.0,19818.0
2023-01-14,BTC,19818.0,21204.0,19751.0,20888.0
2023-01-15,BTC,20900.0,21066.0,20577.0,20898.0
2023-01-16,BTC,20898.0,21413.0,20700.0,21129.0
2023-01-17,BTC,21130.0,21427.0,20906.0,21330.0
2023-01-18,BTC,21330.0,21532.0,20502.0,20775.0
2023-01-19,BTC,20772.0,21162.0,20659.0,20941.0
2023-01-20,BTC,20941.0,22387.0,20887.0,22336.0
2023-01-21,BTC,22336.0,23318.0,22328.0,23199.0
2023-01-22,BTC,23199.0,23215.0,22357.0,22579.0
2023-01-23,BTC,22599.0,23137.0,22550.0,22989.0
2023-01-24,BTC,22989.0,23158.0,22783.0,22900.0
2023-01-25,BTC,22903.0,23641.0,22358.0,23576.0
2023-01-26,BTC,23576.0,23762.0,22856.0,23068.0
2023-01-27,BTC,23072.0,23478.0,22587.0,23097.0
2023-01-28,BTC,23097.0,23184.0,22900.0,23005.0
2023-01-29,BTC,23005.0,23940.0,22975.0,23792.0
2023-01-30,BTC,23792.0,23870.0,22644.0,22732.0
2023-01-31,BTC,22743.0,23182.0,22549.0,22950.0
2023-02-01,BTC,22950.0,23789.0,22820.0,23678.0
2023-02-02,BTC,23678.0,24205.0,23581.0,23598.0
2023-02-03,BTC,23598.0,23706.0,23244.0,23387.0
2023-02-04,BTC,23380.0,23575.0,23278.0,23417.0
2023-02-05,BTC,23417.0,23452.0,22782.0,22896.0
2023-02-06,BTC,22896.0,23150.0,22643.0,22918.0
2023-02-07,BTC,22918.0,23297.0,22650.0,23201.0
2023-02-08,BTC,23191.0,23405.0,22711.0,22960.0
2023-02-09,BTC,22960.0,22999.0,21757.0,21841.0
2023-02-10,BTC,21841.0,21940.0,21507.0,21543.0
2023-02-11,BTC,21543.0,21839.0,21527.0,21829.0
2023-02-12,BTC,21829.0,22086.0,21714.0,21739.0
2023-02-13,BTC,21739.0,21894.0,21437.0,21621.0
2023-02-14,BTC,21624.0,22304.0,21611.0,22251.0
2023-02-15,BTC,22251.0,24189.0,22066.0,24173.0
2023-02-16,BTC,24173.0,25193.0,24145.0,24520.0
2023-02-17,BTC,24520.0,24987.0,23382.0,24593.0
2023-02-18,BTC,24593.0,24839.0,24116.0,24624.0
2023-02-19,BTC,24624.0,25175.0,24308.0,24544.0
2023-02-20,BTC,24544.0,25098.0,23896.0,24762.0
2023-02-21,BTC,24762.0,25147.0,24183.0,24183.0
2023-02-22,BTC,24183.0,24468.0,23604.0,23804.0
2023-02-23,BTC,23804.0,24592.0,23623.0,23897.0
2023-02-24,BTC,23897.0,24118.0,22934.0,23131.0
2023-02-25,BTC,23131.0,23241.0,22802.0,22951.0
2023-02-26,BTC,22951.0,23677.0,22931.0,23565.0
2023-02-27,BTC,23564.0,23869.0,23172.0,23386.0
2023-02-28,BTC,23386.0,23613.0,23056.0,23159.0
2023-03-01,BTC,23142.0,23942.0,23046.0,23542.0
2023-03-02,BTC,23542.0,23783.0,23219.0,23427.0
2023-03-03,BTC,23417.0,23549.0,22111.0,22246.0
2023-03-04,BTC,22246.0,22411.0,22170.0,22224.0
2023-03-05,BTC,22226.0,22633.0,22215.0,22482.0
2023-03-06,BTC,22482.0,22571.0,22313.0,22401.0
2023-03-07,BTC,22404.0,22529.0,21971.0,22050.0
2023-03-08,BTC,22050.0,22267.0,21883.0,22006.0
2023-03-09,BTC,22005.0,22005.0,20125.0,20244.0
2023-03-10,BTC,20244.0,20475.0,19594.0,20091.0
2023-03-11,BTC,20096.0,20784.0,19889.0,20453.0
2023-03-12,BTC,20453.0,21432.0,20392.0,21397.0
2023-03-13,BTC,21403.0,24538.0,21255.0,24126.0
2023-03-14,BTC,24126.0,26425.0,23951.0,24674.0
2023-03-15,BTC,24674.0,25260.0,23989.0,24371.0
2023-03-16,BTC,24369.0,25187.0,24215.0,24701.0
2023-03-17,BTC,24701.0,26991.0,24701.0,26791.0
2023-03-18,BTC,26791.0,27788.0,26791.0,27413.0
2023-03-19,BTC,27413.0,28432.0,26912.0,27963.0
2023-03-20,BTC,27963.0,28502.0,27201.0,28047.0
2023-03-21,BTC,28047.0,28462.0,27421.0,28117.0
2023-03-22,BTC,28117.0,28796.0,26700.0,27360.0
2023-03-23,BTC,27381.0,28732.0,27041.0,28312.0
2023-03-24,BTC,28312.0,28447.0,27548.0,27632.0
2023-03-25,BTC,27617.0,27806.0,27067.0,27387.0
2023-03-26,BTC,27387.0,28186.0,27384.0,27811.0
2023-03-27,BTC,27812.0,28133.0,26576.0,27041.0
2023-03-28,BTC,27041.0,27492.0,26674.0,27329.0
2023-03-29,BTC,27323.0,28612.0,27129.0,28385.0
2023-03-30,BTC,28385.0,29140.0,27770.0,28154.0
2023-03-31,BTC,28164.0,28654.0,27554.0,28392.0
2023-04-01,BTC,28392.0,28815.0,28316.0,28467.0
2023-04-02,BTC,28467.0,28570.0,27953.0,28089.0
2023-04-03,BTC,28089.0,28463.0,27573.0,27573.0
2023-04-04,BTC,27577.0,28427.0,27337.0,28266.0
2023-04-05,BTC,28266.0,28722.0,27826.0,28185.0
2023-04-06,BTC,28185.0,28230.0,27778.0,27982.0
2023-04-07,BTC,27982.0,28103.0,27801.0,27855.0
2023-04-08,BTC,27855.0,28188.0,27847.0,27961.0
2023-04-09,BTC,27961.0,28298.0,27899.0,28108.0
2023-04-10,BTC,28108.0,29258.0,28108.0,29111.0
2023-04-11,BTC,29111.0,30488.0,29089.0,30173.0
2023-04-12,BTC,30173.0,30410.0,29739.0,29963.0
2023-04-13,BTC,29963.0,30557.0,29818.0,30311.0
2023-04-14,BTC,30311.0,30976.0,30052.0,30442.0
2023-04-15,BTC,30442.0,30691.0,30312.0,30375.0
2023-04-16,BTC,30375.0,30606.0,30236.0,30339.0
2023-04-17,BTC,30339.0,30410.0,29292.0,29474.0
2023-04-18,BTC,29478.0,30454.0,29171.0,30403.0
2023-04-19,BTC,30403.0,30405.0,29123.0,29269.0
2023-04-20,BTC,29269.0,29269.0,28068.0,28196.0
2023-04-21,BTC,28196.0,28352.0,27213.0,27299.0
2023-04-22,BTC,27299.0,27871.0,27263.0,27798.0
2023-04-23,BTC,27798.0,28003.0,27489.0,27509.0
2023-04-24,BTC,27509.0,27985.0,27039.0,27434.0
2023-04-25,BTC,27434.0,28043.0,27183.0,27991.0
2023-04-26,BTC,27991.0,29963.0,27419.0,28289.0
2023-04-27,BTC,28289.0,29856.0,28152.0,29596.0
2023-04-28,BTC,29596.0,29782.0,28934.0,29350.0
2023-04-29,BTC,29350.0,29537.0,29123.0,29296.0
2023-04-30,BTC,29296.0,30006.0,29156.0,29348.0
2023-05-01,BTC,29348.0,29482.0,27705.0,27705.0
2023-05-02,BTC,27705.0,28876.0,27700.0,28705.0
2023-05-03,BTC,28705.0,28794.0,28173.0,28512.0
2023-05-04,BTC,28512.0,29369.0,28512.0,28891.0
2023-05-05,BTC,28891.0,29677.0,28776.0,29531.0
2023-05-06,BTC,29531.0,29983.0,28567.0,28961.0
2023-05-07,BTC,28961.0,29261.0,28834.0,28926.0
2023-05-08,BTC,28926.0,28995.0,27297.0,27565.0
2023-05-09,BTC,27565.0,27837.0,27403.0,27670.0
2023-05-10,BTC,27670.0,28297.0,26967.0,27896.0
2023-05-11,BTC,27884.0,27887.0,26767.0,27027.0
2023-05-12,BTC,27027.0,27085.0,25883.0,26456.0
2023-05-13,BTC,26451.0,27082.0,26451.0,26998.0
2023-05-14,BTC,26997.0,27227.0,26715.0,26949.0
2023-05-15,BTC,26949.0,27652.0,26761.0,27355.0
2023-05-16,BTC,27355.0,27388.0,26890.0,26959.0
2023-05-17,BTC,26959.0,27449.0,26587.0,27339.0
2023-05-18,BTC,27339.0,27465.0,26397.0,26741.0
2023-05-19,BTC,26741.0,27139.0,26642.0,26836.0
2023-05-20,BTC,26836.0,27159.0,26836.0,27027.0
2023-05-21,BTC,27027.0,27255.0,26819.0,26855.0
2023-05-22,BTC,26855.0,27048.0,26555.0,26895.0
2023-05-23,BTC,26895.0,27429.0,26802.0,27216.0
2023-05-24,BTC,27216.0,27241.0,26111.0,26443.0
2023-05-25,BTC,26443.0,26614.0,25924.0,26481.0
2023-05-26,BTC,26481.0,26913.0,26338.0,26752.0
2023-05-27,BTC,26752.0,26832.0,26629.0,26759.0
2023-05-28,BTC,26759.0,27661.0,26747.0,27552.0
2023-05-29,BTC,27552.0,28419.0,27537.0,27680.0
2023-05-30,BTC,27680.0,28019.0,27573.0,27777.0
2023-05-31,BTC,27777.0,27837.0,26884.0,27120.0
